t,c,err
beginn,3,
oolishnes,5,
ght:,3,
ood:,3,
eginn,3,
waters.,3,
darkness.,4,
foolishness,4,
eginning,3,
ep.,3,
foolishnes,5,
ginni,3,
"ght,",3,
kness.,3,
orst,2,
ht:,3,
foolishne,4,
vided,2,
wisdo,4,
beginni,3,
id;,2,
sdom,3,
ight:,3,
foolis,3,
rth.,3,
arth.,3,
arkness.,4,
od:,2,
ginning,3,
oolis,3,
fooli,3,
eginnin,4,
"mes,",3,
"imes,",3,
oolish,3,
"om,",2,
oid;,3,
"rm,",3,
beginnin,4,
Spiri,4,
ss.,3,
isdo,3,
"wisdom,",5,
oolishn,4,
wisd,3,
"ht,",3,
foolish,3,
ters.,3,
eep.,3,
isdom,3,
"isdom,",4,
oolishne,4,
ivided,3,
"orm,",3,
"sdom,",4,
aters.,3,
"foolishness,",5,
ess.,3,
foolishn,4,
"aid,",3,
ginnin,4,
rkness.,4,
eginni,3,
"ight,",3,
"lishness,",4,
"oolishness,",5,
olishn,3,
earth.,3,
"olishness,",4,
olishnes,4,
olish,2,
"ishness,",4,
"ess,",3,
incredu,3,
"elief,",3,
olishne,3,
"ef,",3,
olishness,3,
credulity,3,
incredulit,4,
reduli,3,
dulity,3,
credu,2,
credul,2,
elief,2,
oolishness,4,
"hope,",3,
"lief,",3,
redulity,3,
incredul,3,
"credulity,",4,
increduli,3,
"shness,",3,
ncredu,4,
"ief,",3,
"rkness,",4,
ncredulit,5,
ncred,3,
"dulity,",4,
"redulity,",4,
ncreduli,5,
incred,2,
creduli,3,
ncredulity,5,
"edulity,",4,
edulit,3,
incredulity,4,
"belief,",3,
"espair,",3,
"darkness,",4,
despa,2,
edulity,3,
ulity,3,
redul,2,
"ope,",3,
"spair,",3,
spai,2,
"hness,",3,
despai,2,
espair,2,
everyt,3,
"despair,",3,
"incredulity,",5,
dulit,3,
eduli,3,
despair,2,
redulit,3,
erythi,3,
everythi,3,
"lity,",3,
everyth,3,
everythin,3,
verythin,3,
erythin,3,
veryt,3,
erything,2,
credulit,3,
"ulity,",4,
ncredul,4,
verything,2,
rything,2,
ythin,3,
"arkness,",4,
veryth,3,
Heav,3,
ything,2,
spair,2,
verythi,3,
rythin,3,
nothin,3,
"Heaven,",5,
"pair,",3,
"eaven,",4,
nothi,3,
ay.,3,
Heave,3,
iquor,3,
jumps,3,
dog.,3,
og.,2,
"en,",2,
doze,2,
ozen,3,
"aven,",3,
liquor,3,
vexi,3,
liquo,3,
ugs.,4,
vexin,3,
xingl,3,
vexingly,4,
jugs,3,
Hea,3,
xingly,3,
vexingl,4,
vexing,3,
iquo,3,
quor,2,
exingl,3,
exing,2,
jugs.,4,
exingly,3,
rythi,3,
wizards,3,
zebras,3,
"ven,",3,
boxi,3,
"pe,",3,
daft,2,
oxing,3,
p!,2,
wiza,3,
jump!,3,
uickly,3,
quickly.,4,
zards,2,
uickly.,4,
"kness,",3,
ckly.,4,
Sphi,4,
kly.,3,
ump!,3,
wizar,3,
ickly,3,
Sphin,4,
mp!,3,
boxin,3,
uartz,3,
"ncredulity,",6,
hinx,3,
"quartz,",4,
quickl,3,
exin,2,
ebras,3,
ickly.,4,
"jay,",3,
wolve,3,
judg,2,
ow.,3,
Sphinx,5,
"pig,",3,
uack,2,
"rtz,",4,
"x,",2,
"ay,",3,
quartz,3,
wolv,3,
Ishmael,5,
"artz,",3,
phinx,3,
"tz,",3,
"ox,",3,
"z,",2,
ck!,3,
lves,2,
shma,2,
quack!,3,
k!,2,
vow.,3,
Ishmae,5,
Ishm,4,
Ishma,4,
uickl,3,
quack,2,
shmael.,4,
"ago,",3,
ack!,3,
el.,2,
hmael.,4,
hmael,3,
ael.,3,
"go,",2,
Ishmael.,6,
mael.,3,
shmael,3,
uack!,3,
shmae,3,
recisel,3,
"recisely,",4,
precisel,3,
"precisely,",4,
recise,2,
cisel,3,
ecise,3,
"rse,",3,
cisely,3,
"fox,",3,
precis,2,
"ely,",3,
ecisely,4,
recisely,3,
"hore,",3,
"urse,",3,
"isely,",3,
"cisely,",4,
"sely,",3,
"purse,",3,
"ore,",3,
hough,2,
"ecisely,",5,
watery,2,
ld.,3,
isely,2,
atery,2,
regulatin,4,
hought,2,
drivin,3,
egulatin,4,
thoug,3,
rivin,3,
plee,2,
egulat,3,
rld.,3,
orld.,3,
"shore,",3,
drivi,3,
regulati,3,
terest,2,
splee,2,
gulating,3,
regulat,3,
nterest,3,
regulating,3,
egulati,3,
houg,2,
circulati,3,
"uartz,",4,
hmae,3,
circulat,3,
circulation.,4,
pleen,3,
gulati,3,
gulatin,4,
irculat,3,
rticular,3,
irculation,3,
ulatin,4,
irculatio,4,
irculation.,4,
rculatio,4,
circulatio,4,
egulating,3,
rculati,3,
spleen,3,
ecisel,4,
billow,2,
lation.,3,
rculation.,4,
ht;,3,
"ea,",3,
illows,2,
billows,2,
ulation.,4,
irculati,3,
"sea,",3,
ight;,3,
"odd,",3,
middl,2,
"dd,",3,
bush.,3,
illow,2,
brigh,3,
bright.,3,
rds.,3,
billo,2,
Actio,3,
ouder,3,
feath,2,
ords.,3,
louder,2,
ever.,3,
toget,2,
rculation,3,
irds,2,
culation.,3,
Acti,3,
floc,2,
Bette,3,
togethe,3,
sh.,3,
feathe,3,
flock,2,
togeth,3,
ght;,3,
ogeth,4,
ogethe,4,
llows,2,
oget,2,
geth,2,
ether.,3,
artific,2,
ver.,3,
ogether.,4,
ther.,3,
rtificia,4,
bset,2,
ubse,3,
rtificial,4,
ush.,3,
gether.,3,
learni,2,
gethe,3,
Machin,3,
earni,2,
rtifici,4,
artificia,3,
artifici,3,
subse,2,
learnin,3,
arnin,3,
tificia,3,
intelli,3,
ntelligenc,6,
ubset,3,
intellig,3,
tificial,3,
intellige,3,
tifici,3,
intelligenc,5,
intelligen,4,
ntelli,4,
earnin,3,
ntelligence,5,
ntelligen,5,
tellig,3,
ntellige,4,
llige,2,
telligenc,4,
elligen,3,
Bett,3,
ellige,3,
ligence,3,
lligence,3,
ligenc,4,
lligenc,4,
telligen,3,
igence,2,
lligen,3,
enab,2,
igenc,3,
enabl,3,
omputer,3,
ntellig,4,
mputers,3,
omputers,3,
puters,2,
explic,2,
mputer,3,
puter,2,
xpli,3,
xplicitly,5,
xplici,3,
nables,2,
icitl,3,
licitl,3,
enables,2,
xplicit,4,
explici,2,
licitly,3,
explicitl,4,
plicitly,4,
icitly,3,
explicitly,4,
telligence,3,
citl,2,
elligenc,4,
gramme,3,
ogrammed.,6,
programmed,3,
xplicitl,5,
grammed.,4,
expli,2,
citly,2,
tellige,3,
rogramme,4,
rogrammed.,6,
grammed,3,
ogrammed,5,
programmed.,4,
xplic,3,
ogressi,4,
rammed,3,
ogressive,4,
rogressiv,5,
rogressive,4,
rogressivel,5,
progressivel,4,
rogressi,4,
ressivel,4,
ogressively,4,
progressively,3,
ogressiv,5,
rogressively,4,
ogressivel,5,
ogramme,4,
plicitl,4,
ssivel,4,
gressively,3,
rogrammed,5,
technolo,3,
essivel,3,
igher,2,
essively,2,
ssively,3,
nput.,3,
technol,2,
echnology,3,
chnolo,4,
echnol,3,
ressively,3,
hnology,3,
gressiv,4,
echnolo,4,
chnol,3,
pplications,3,
gressivel,4,
numerou,3,
processin,2,
chnology,3,
umerou,3,
"rocessing,",5,
umerous,3,
ications,2,
gher,2,
cessin,3,
chnolog,4,
rocessin,4,
cations,2,
"processing,",3,
processi,2,
"ision,",3,
"ocessing,",5,
echno,2,
ocessin,4,
"vision,",3,
"cessing,",4,
ammed.,4,
etwor,3,
speec,2,
recognit,3,
rocessing,4,
netwo,3,
technolog,3,
recognitio,4,
ocessing,4,
mmed.,4,
ecognit,4,
ltiple,4,
peech,2,
"sing,",3,
etworks,3,
ultiple,4,
progressi,3,
tiple,3,
laye,2,
netw,2,
rammed.,4,
cognit,3,
etwork,3,
progressiv,4,
peec,2,
cognitio,4,
ecogniti,5,
tworks,3,
ecognition,4,
recogniti,4,
cogniti,4,
echnolog,4,
ognit,3,
"ognition,",4,
"ecognition,",5,
"ssing,",4,
ognitio,4,
"ition,",3,
"nition,",3,
utono,2,
networ,2,
"cognition,",4,
autono,2,
gnitio,4,
autonomo,4,
utonom,3,
utonomo,4,
autonomou,4,
"gnition,",4,
"essing,",3,
onomou,3,
gniti,3,
utonomou,4,
tonomous,4,
cessing,3,
nomous,3,
gnition,3,
ogniti,4,
utonomous,4,
systems.,3,
ms.,3,
ecognitio,5,
scenari,3,
nomou,3,
stems.,3,
tonomo,4,
cenari,3,
onomo,3,
enario:,3,
cenario:,4,
"recognition,",4,
istribute,3,
tems.,3,
auton,2,
scenar,3,
tributed,3,
failu,2,
tonomou,4,
nario,2,
nario:,3,
io:,2,
ibuted,4,
enari,2,
ystems.,4,
scenario:,4,
istributed,3,
gracef,3,
Consid,3,
ilure,3,
Consi,3,
ilur,3,
ribute,3,
stributed,3,
failur,2,
ailur,3,
ems.,3,
rio:,3,
ailu,3,
cognition,3,
cenario,3,
ibute,3,
gracefully,4,
lures,2,
ystems,3,
stribute,3,
ailures,3,
raceful,3,
graceful,3,
gracefu,4,
scena,2,
gracefull,4,
ilures,3,
"racefully,",4,
racef,2,
acefull,3,
"gracefully,",5,
cefully,3,
racefull,3,
racefully,3,
acef,2,
acefully,3,
Conside,3,
cenar,3,
aceful,3,
"fully,",3,
"ully,",3,
racefu,3,
"cefully,",4,
ario:,3,
acefu,3,
onsis,3,
intain,2,
"acefully,",4,
"efully,",3,
onsiste,4,
maintai,3,
"lly,",3,
onsisten,4,
nsist,3,
onsistency,4,
aintain,3,
consisten,3,
consistenc,4,
nsiste,4,
onsist,3,
sistenc,4,
mainta,3,
istency,2,
istenc,3,
"updates,",3,
variabl,3,
Engi,3,
oad.,3,
sistency,3,
oncurrent,5,
consis,2,
ncurrent,5,
stency,2,
ad.,3,
gineers,3,
onsistenc,5,
variab,2,
intai,2,
aintai,3,
ypically,3,
ineers,3,
nsistency,4,
pdates,3,
pdat,3,
pdate,3,
equireme,3,
updat,2,
"pdates,",4,
Enginee,4,
quirem,3,
equirements,3,
cefull,3,
pically,2,
quireme,3,
nsisten,4,
equirem,3,
quirement,3,
requireme,3,
typicall,3,
upda,2,
ngineers,4,
uirement,3,
irem,2,
equirement,3,
quiremen,4,
techniq,3,
requirem,3,
requiremen,4,
uirements,3,
echniq,3,
uiremen,4,
irements,2,
echnique,3,
echniqu,4,
equiremen,4,
rements,2,
nsistenc,5,
quirements,3,
chniques,3,
uirem,3,
techniqu,4,
neers,2,
echniques,3,
Engin,3,
replic,2,
replicati,3,
replicatio,4,
hniqu,4,
"replication,",3,
niques,2,
uireme,3,
hniq,3,
chniq,3,
ypicall,4,
hnique,3,
chniqu,4,
repli,2,
eplicat,4,
hniques,3,
eplicati,4,
epli,2,
replicat,3,
"plication,",3,
eplica,3,
consens,2,
consensu,3,
"cation,",3,
eplication,3,
onsensu,4,
chnique,3,
sensus,3,
eplicatio,5,
"ication,",3,
nsensus,4,
ocols,3,
eplic,3,
"eplication,",4,
Raft,3,
tocols,3,
consen,2,
onsen,3,
nsensu,4,
replication,2,
Pax,3,
"lication,",3,
Paxos,4,
Raf,3,
otocols,3,
shardi,3,
"sharding,",4,
onsens,3,
rotocols,4,
sharding,3,
harding,2,
caref,2,
hardin,3,
"Paxos,",5,
"harding,",3,
"ding,",3,
"os,",2,
"xos,",3,
shard,2,
shardin,3,
axos,2,
aref,2,
PIs,3,
"rding,",3,
carefu,3,
"ation,",3,
"arding,",3,
hardi,3,
Paxo,4,
inimiz,4,
arefu,3,
nimiz,4,
reful,2,
coupli,3,
couplin,3,
inimi,3,
nimize,3,
"axos,",3,
oupli,3,
areful,2,
onsensus,4,
imiz,3,
uplin,3,
APIs,3,
ervices.,4,
oupling,3,
coupl,3,
oupl,3,
ces.,3,
ouplin,4,
nsens,3,
rvices,3,
rvices.,4,
vices,2,
limate,2,
vices.,3,
Climat,3,
esents,2,
ices.,3,
Clima,3,
gnificant,4,
nificant,3,
ignificant,4,
minimiz,4,
epresents,3,
lenge,3,
Clim,3,
challeng,3,
minimi,3,
challe,2,
llenges,3,
hallenges,4,
allenges,3,
halleng,3,
lleng,3,
lenges,3,
upling,2,
hallenge,4,
enges,2,
llenge,3,
humanit,3,
challen,2,
sents,2,
umanit,3,
anity.,3,
umanity,3,
humanity.,4,
inimize,3,
Ris,3,
umanity.,4,
facin,2,
Risi,3,
Risin,3,
manity,2,
emperatu,4,
emperature,3,
temperatures,4,
peratu,3,
mperat,3,
temperat,3,
temperatu,4,
mperatures,4,
mperature,3,
manit,2,
mperatu,4,
tempera,3,
emperatur,4,
nity.,3,
empera,2,
emperatures,4,
manity.,3,
peratur,3,
eratures,3,
peratures,3,
"ents,",3,
elting,2,
rature,2,
disruptions,4,
"vels,",3,
"vents,",3,
eratu,3,
ratur,3,
vels,2,
"ls,",3,
"aps,",3,
disruption,3,
isruptio,4,
isrupt,4,
risin,2,
extre,2,
ruptions,4,
disruptio,4,
"nts,",3,
disrup,3,
evels,2,
cosys,3,
cosyst,4,
isru,2,
eltin,3,
sruption,3,
sruptions,4,
weathe,3,
emperat,3,
ratures,3,
ecosys,4,
xtrem,4,
osys,2,
treme,2,
osyste,3,
ecosy,4,
cosy,3,
srupt,3,
osystem,3,
orldwi,4,
worldw,3,
"ps,",3,
ecosystems,5,
rldw,3,
ecosystem,5,
rldwide,4,
worldwide.,5,
osystems,3,
ecosyste,5,
worldwi,4,
orldw,3,
cosyste,4,
rldwide.,5,
orldwide.,5,
ldwide,4,
worldwid,4,
dwide.,4,
orldwid,4,
cosystems,4,
rldwid,4,
rldwi,4,
wide.,3,
ddress,3,
Addre,3,
Addressi,4,
dwid,3,
mperatur,4,
Addressin,4,
dwide,3,
orldwide,4,
Addres,3,
ldwi,4,
ldwid,4,
ddressi,4,
ldwide.,5,
dressin,3,
crisi,3,
coordinat,4,
coor,2,
coordi,3,
coordinated,4,
ddressing,4,
oord,2,
ide.,3,
melti,2,
coordin,3,
ressin,3,
risis,2,
isrupti,4,
oordi,3,
ransiti,4,
"caps,",3,
disru,2,
dinated,3,
uptions,3,
equires,2,
renewab,3,
oordin,3,
xtre,3,
ansition,3,
"ction,",3,
ansiti,4,
ansitio,4,
ordinated,4,
xtreme,4,
enew,2,
newab,2,
enewabl,4,
ransit,3,
weath,2,
ddressin,4,
nsition,3,
oordina,3,
transiti,3,
newa,2,
ewab,3,
meltin,3,
rdinated,4,
srupti,3,
renewa,3,
isruption,3,
ewable,3,
renewable,3,
enewa,3,
srup,2,
oordinat,4,
transitio,3,
"rgy,",4,
wable,2,
oordinated,4,
enewab,3,
enewable,3,
newabl,3,
ransition,3,
erature,2,
renewabl,4,
ecos,3,
fundame,3,
ransitio,4,
undament,2,
"gy,",3,
"energy,",3,
sruptio,4,
ecosyst,5,
"evels,",3,
fundament,3,
undame,2,
newable,2,
isrup,3,
ansit,3,
undamental,3,
fundam,3,
disrupti,4,
ewabl,4,
melting,2,
isruptions,4,
ndame,3,
fundamenta,5,
undamen,3,
ndament,3,
ndamental,4,
"ergy,",4,
damen,2,
ndamen,4,
damental,2,
damenta,3,
undamenta,4,
eratur,3,
nsitio,4,
oods.,3,
ndamenta,5,
ods.,3,
hanges,3,
atest,2,
cienti,3,
"ture,",3,
nsume,3,
onsume,3,
goods.,3,
"ature,",3,
cientis,3,
Natu,3,
dament,2,
oordinate,4,
cientist,3,
"nergy,",4,
ntists,3,
ientists,3,
tists,2,
cientists,3,
iscovered,4,
detectin,3,
entists,2,
matter.,3,
etecti,3,
discovere,3,
tecting,3,
uantu,3,
fundamen,4,
tectin,3,
"Nature,",4,
gravit,3,
sors,2,
ientis,3,
etectin,3,
etecting,3,
gravita,3,
gravitat,4,
scovered,3,
covere,2,
gravitationa,5,
ientist,3,
ravita,3,
uantum,3,
gravitation,4,
detecti,3,
measur,2,
scientis,3,
antum,2,
iscovere,4,
avitation,3,
gravitati,4,
ravitationa,5,
avitational,3,
quantu,3,
ravitati,4,
ravitat,4,
vitationa,4,
avitationa,4,
vitational,3,
avitatio,4,
vitati,3,
scovere,3,
itational,2,
vitation,3,
vitat,3,
avitati,3,
tter.,3,
avita,2,
ravitation,4,
atter.,3,
ravitational,4,
xplained,3,
avitat,3,
itationa,3,
gravitatio,5,
canno,2,
vitatio,4,
ects,2,
tational,2,
detecting,3,
scienti,3,
explaine,3,
nsors,3,
explai,2,
plaine,3,
lone.,3,
alone.,3,
fects,2,
ffects,3,
ravitatio,5,
breakt,3,
xplaine,4,
xplai,3,
plained,2,
visibl,3,
breakthro,4,
laine,2,
breakth,3,
breakthroug,5,
reakt,3,
reakthro,4,
reakthrough,5,
reakthroug,5,
xplain,3,
reakthrou,5,
reakth,3,
eakthroug,5,
eakthr,4,
eakt,3,
entist,2,
eakthro,4,
akth,2,
eakthrough,5,
lained,2,
eakth,3,
akthro,3,
eakthrou,5,
breakthr,4,
kthrough,4,
kthr,3,
revolut,3,
akthrough,4,
revolutio,4,
revolu,3,
akthr,3,
revolutioni,5,
akthrou,4,
volutioni,4,
kthroug,4,
reakthr,4,
breakthrou,5,
lutioni,4,
olutioni,4,
volutionize,4,
kthro,3,
evolutioniz,6,
kthrou,4,
revolutioniz,6,
olutionize,4,
understa,2,
understandi,3,
nderstand,4,
nderstan,4,
utionize,3,
akthroug,4,
volutioniz,5,
nderstandin,5,
dersta,3,
derstan,3,
lutionize,4,
gravitational,4,
evolutioni,5,
derstand,3,
understan,2,
olutioniz,5,
understandin,3,
rstand,3,
derstanding,4,
erstanding,4,
derstandi,4,
lutioniz,5,
revolutionize,5,
ndersta,4,
univer,2,
derstandin,4,
erstandin,4,
unive,2,
tandin,3,
revoluti,4,
rstandi,4,
erstand,3,
niverse.,4,
niverse,3,
fibon,3,
fibo,3,
rstan,3,
tanding,3,
nderstanding,5,
nivers,3,
fibonacc,5,
erstan,3,
standi,2,
fibonac,4,
rse.,3,
utioniz,4,
verse.,3,
evolutionize,5,
ibonacci(,6,
ibona,3,
rstandin,4,
fibonacci(n:,8,
iverse.,4,
erstandi,4,
fibonacci,5,
ibonacci,5,
niver,2,
rstanding,4,
ibonacc,5,
fibonacci(,6,
fibonacci(n,7,
ibonacci(n:,8,
bonacci,4,
erse.,3,
nderstandi,5,
onacci,3,
ibonac,4,
bonacci(n:,7,
fibona,3,
nacci,3,
onacci(,4,
nacci(n,5,
bonacci(,5,
bonacci(n,6,
cci(,3,
nacci(n:,6,
cci(n:,5,
cci(n,4,
onacci(n,5,
ci(n,4,
ci(,3,
ci(n:,5,
acci(,3,
"""""""Co",4,
nacci(,4,
acci(n:,5,
"""""""Comp",5,
(n:,3,
i(n:,4,
bonacc,4,
"""""Compute",4,
"""""""Comput",5,
"""""Com",3,
"""Com",3,
bonac,3,
"""Compu",4,
acci(n,4,
"""""""Com",4,
"""""C",2,
"""Comput",4,
"""""Co",3,
i(n,3,
ibonacci(n,7,
"""""Compu",4,
"""Comp",4,
"""""""Compute",5,
"""""""Compu",5,
"iteration.""""",5,
"eration.""""",4,
"""""Comput",4,
Fib,3,
-th,2,
"n.""",2,
"on.""",2,
"tion.""""",4,
"on.""""",3,
"n.""""""",3,
ValueErro,5,
"eration.""""""",4,
"on.""""""",3,
"eration.""",3,
"ion.""",3,
"alueError(""n",5,
"ion.""""",4,
"ValueError(""",5,
lueEr,4,
Compu,3,
onacci(n:,6,
"""Co",3,
ValueE,4,
"lueError(""",4,
"iteration.""",4,
alueError(,4,
"""""Comp",4,
lueError(,4,
"n.""""",3,
ueEr,4,
"iteration.""""""",5,
"ValueError(""n",6,
alueErro,4,
"ueError(""",4,
lueErro,4,
lueErr,4,
ValueEr,5,
ueError(,4,
lueE,3,
ValueError(,5,
alueE,3,
ueE,3,
eError,2,
alueErr,4,
eError(,3,
alueError,3,
ueError,3,
"rror(""n",4,
lueError,3,
eErr,3,
"lueError(""n",5,
"rror(""",3,
ueErro,4,
"Error(""",3,
ueErr,4,
"ror(""",3,
"ueError(""n",5,
"or(""n",3,
"r(""n",3,
non-n,3,
"eError(""",3,
"alueError(""",4,
"or(""",2,
non-ne,4,
"ror(""n",4,
non-nega,4,
"r(""",2,
"(""n",2,
Error(,3,
non-neg,4,
"eError(""n",4,
non-negativ,5,
non-negat,4,
on-n,3,
rror(,3,
non-negative,4,
"non-negative""",5,
on-neg,4,
"Error(""n",4,
n-ne,4,
alueEr,4,
on-negati,4,
"on-negative"")",5,
n-n,3,
n-nega,4,
on-negat,4,
on-ne,4,
"non-negative"")",5,
"n-negative"")",5,
on-negative,4,
"n-negative""",5,
"on-negative""",5,
n-neg,4,
non-negati,4,
"ration.""",3,
on-negativ,5,
Fibonac,5,
-negati,3,
-neg,3,
-nega,3,
"ion.""""""",4,
teration.,3,
Fibo,4,
eration.,3,
"ation.""""",4,
n-negativ,5,
"negative"")",3,
negati,2,
n-negative,4,
"ation.""""""",4,
n-negat,4,
Fibona,4,
"-negative""",4,
-negat,3,
n-negati,4,
n-th,3,
"ation.""",3,
"egative""",3,
"ative"")",3,
Fibonacc,6,
-n,2,
"egative"")",3,
"ration.""""""",4,
ration.,3,
"""Compute",4,
"gative""",3,
"teration.""""",4,
negativ,3,
"-negative"")",4,
"teration.""",3,
"ive"")",3,
"tion.""""""",4,
range(n),4,
"tion.""",3,
nge(n),5,
egativ,3,
range(n,3,
nge(n):,5,
iteration.,4,
e(n,3,
ge(n),5,
gative,2,
egative,2,
"tive""",3,
ValueErr,5,
"ration.""""",4,
"tive"")",3,
gativ,3,
on-nega,4,
ge(n):,5,
"teration.""""""",4,
ange(n,4,
LRUCache,5,
range(n):,4,
(n):,3,
ange(n):,5,
Fibonacci,6,
nge(n,4,
LRUCach,5,
RUCac,4,
-negative,3,
RUCach,4,
"negative""",3,
ge(n,4,
UCache:,4,
n-t,3,
-negativ,4,
RUCache,4,
LRUC,4,
__i,2,
LRU,3,
e(n),4,
LRUCa,5,
LRUCache:,6,
__init,2,
__init__,3,
ange(n),5,
UCache,3,
RUCache:,5,
UCac,3,
"gative"")",3,
__init__(sel,6,
UCach,3,
RUC,3,
__init__(self,5,
"ative""",3,
_ini,3,
LRUCac,5,
e(n):,4,
_init_,3,
"__init__(self,",6,
_init__(,4,
Cache:,4,
_init__(se,5,
_init__(sel,6,
__init__(s,5,
_init__(self,5,
RUCa,4,
__ini,3,
Fibon,4,
Cach,3,
_init__,3,
__init_,3,
init__(,3,
_init,2,
UCa,3,
init__(self,4,
__init__(se,5,
init_,2,
nit__(,4,
negat,2,
"nit__(self,",6,
nit__,3,
init__,2,
nit__(s,5,
nit__(se,5,
init__(s,4,
it__(s,4,
it__(self,4,
nit__(self,5,
"_init__(self,",6,
n):,2,
"init__(self,",5,
t__(s,4,
nit_,3,
-ne,3,
init__(se,4,
t__(se,4,
init__(sel,5,
"t__(self,",5,
__init__(,4,
"it__(self,",5,
t__,2,
self.capa,4,
acity:,3,
t__(,3,
"__(self,",4,
apacity:,4,
nt):,3,
self.cap,4,
t__(self,4,
elf.capa,5,
ity:,3,
int):,2,
self.capacity,5,
elf.cap,5,
self.capac,4,
self.capacit,5,
"_(self,",4,
elf.capacit,6,
elf.capaci,6,
f.capacit,5,
pacity:,4,
nit__(sel,6,
.capac,3,
lf.capaci,6,
lf.capac,5,
f.capa,4,
lf.capacity,6,
.capa,3,
it__(se,4,
.capaci,4,
ty:,3,
self.order:,4,
.capacity,4,
elf.capacity,6,
.capacit,4,
lf.capacit,6,
rder:,3,
t):,2,
f.cap,4,
lf.order:,5,
elf.capac,5,
capacity:,4,
f.capaci,5,
self.capaci,5,
f.capacity,5,
f.capac,4,
_init__(s,5,
__in,2,
et(s,3,
t(se,3,
"et(self,",4,
lf.cap,5,
et(self,3,
"t(self,",4,
et(se,3,
self.order.rem,6,
key):,2,
y):,2,
lf.capa,5,
it__(sel,5,
self.order.r,5,
elf.order.rem,7,
self.order.re,5,
get(s,3,
self.order.remo,6,
lf.order.r,6,
lf.order.rem,7,
lf.order.re,6,
get(se,3,
lf.order.remov,7,
elf.order.remov,7,
t(self,3,
lf.order.remo,7,
f.order.r,5,
et(sel,4,
elf.order.remo,7,
ey):,3,
elf.order.re,6,
f.order.rem,6,
f.order.remo,6,
elf.order.r,6,
f.order.remov,6,
get(sel,4,
f.order.remove,6,
.order.rem,5,
.order.re,4,
.order.r,4,
f.order:,4,
f.order.remove(,7,
f.order.re,5,
lf.order.remove,7,
.order:,3,
"get(self,",4,
order.r,3,
.order.remov,5,
order.rem,4,
order.remove(,5,
order.remo,4,
order.remove(ke,7,
order.re,3,
t(sel,4,
rder.rem,5,
rder.re,4,
rder.remo,5,
rder.remov,5,
.order.remove,5,
order.remove,4,
rder.remove(key,7,
.order.remove(,6,
rder.remove(ke,8,
der.re,3,
order.remove(k,6,
der.remov,4,
der.remove(ke,7,
der.rem,4,
order.remov,4,
der.remove,4,
er.r,3,
er.remove(k,6,
er.remove,4,
r.re,3,
der.remo,4,
er.remove(ke,7,
elf.order:,5,
rder.remove(,6,
er.remov,4,
der.r,3,
r.r,3,
er.remove(,5,
get(self,3,
der.remove(key,6,
t__(sel,5,
r.remove,4,
er.remo,4,
er.re,3,
r.rem,4,
der.remove(k,6,
r.remove(key,6,
r.remove(key),7,
er.remove(key,6,
.order.remove(k,7,
der.remove(,5,
.remove(,4,
.remove(k,5,
.remove,3,
.remo,3,
er.rem,4,
remove(k,4,
remove(key),5,
remove(ke,5,
er.remove(key),7,
emove(,3,
r.remo,4,
r.remove(ke,7,
.order.remo,5,
remove(,3,
emove(key),5,
.remove(ke,6,
emove(key,4,
emove(k,4,
.remove(key),6,
.remove(key,5,
rder.remove,5,
r.remov,4,
r.remove(k,6,
move(key,3,
move(,2,
ve(ke,5,
self.order.ap,6,
.rem,3,
ve(k,4,
remove(key,4,
e(key,3,
ove(ke,5,
emove(ke,5,
move(key),4,
e(key),4,
ove(key,4,
elf.order.a,6,
move(ke,4,
.remov,3,
move(k,3,
elf.order.ap,7,
r.remove(,5,
self.order.app,5,
ove(k,4,
ve(key),5,
rder.append(ke,7,
e(ke,4,
rder.append(key,6,
self.order.appe,6,
elf.order.appen,7,
elf.order.appe,7,
rder.append(,5,
f.order.a,5,
.order.append(,5,
f.order.append,5,
.order.append,4,
rder.remove(k,7,
ove(,3,
der.append(,4,
der.remove(key),7,
.order.a,4,
order.ap,4,
der.a,3,
ove(key),5,
lf.order.ap,7,
rder.appe,5,
ve(key,4,
lf.order.append,6,
der.appe,4,
order.append(ke,6,
rder.r,4,
er.append,3,
f.order.appen,6,
rder.append(k,6,
rder.appen,5,
er.ap,4,
.order.appen,5,
self.order.a,5,
elf.order.app,6,
order.app,3,
f.order.ap,6,
er.app,3,
rder.app,4,
r.ap,4,
lf.order.a,6,
r.append(k,5,
.order.ap,5,
.order.append(k,6,
er.appen,4,
r.appen,4,
r.append,3,
.order.app,4,
ppend(key,5,
er.append(key),6,
lf.order.app,6,
end(ke,4,
end(key,3,
nd(k,4,
er.append(key,5,
d(key),4,
er.appe,4,
r.append(ke,6,
e[ke,4,
len(self.cach,6,
cache[k,4,
f.order.app,5,
end(key),4,
(self.cache),6,
elf.cache),6,
order.appe,4,
pend(key,4,
rder.a,4,
lf.cache),6,
lf.cache[ke,8,
f.cache),5,
cache[ke,5,
(self.cac,5,
n(self.cache),7,
cache),3,
lf.cache[k,7,
che),2,
lue),3,
ut(se,4,
ache[k,4,
nd(key,4,
cache[key],5,
lf.capacity:,7,
ache[key],5,
len(self.c,5,
self.order.pop,6,
elf.cache[ke,8,
self.cache[k,6,
elf.order.pop,7,
self.cache),5,
er.append(ke,6,
der.appen,4,
n(self.cac,6,
f.cache[key],7,
elf.capacity:,7,
lf.order.pop(0,9,
pend(k,4,
self.order.p,5,
en(self.cach,6,
f.order.po,5,
che[key],4,
elf.order.pop(,8,
len(self.,4,
f.cache[ke,7,
.order.p,4,
r.appe,4,
.order.pop,5,
en(sel,4,
f.order.append(,6,
.order.pop(0,7,
ache[ke,5,
nd(key),5,
order.pop,4,
der.append(ke,6,
value),2,
put(,2,
e[key,3,
n(self.c,5,
len(self,3,
rder.append,4,
append(key,3,
n(self.,4,
lf.order.po,6,
der.p,3,
ey],3,
ache),3,
len(self.cache,6,
er.p,3,
he),2,
.order.appe,5,
self.order.po,5,
.append(k,4,
append(ke,4,
(self.cach,5,
n(self.cach,6,
d(k,3,
r.pop(0,6,
order.append(k,5,
ppend(key),6,
self.cache[key],7,
"ut(self,",5,
f.capacity:,6,
cache[key,4,
elf.order.p,6,
der.pop(,5,
he[ke,4,
der.po,3,
op(0),4,
der.app,3,
alue),3,
order.appen,4,
f.order.pop(0),9,
n(self.ca,6,
self.cache[olde,7,
er.append(,4,
elf.cache[ol,8,
r.app,3,
self.cache[o,6,
[key],3,
der.append(key),6,
r.pop,4,
[ke,3,
lf.cache[olde,8,
f.order.p,5,
er.pop,4,
lf.cache[old,7,
len(sel,4,
put(s,3,
f.order.pop(,7,
ut(self,4,
end(k,3,
en(self.cac,6,
pend(key),5,
rder.pop(0),8,
f.cache[old,6,
self.capacity:,6,
der.pop(0),7,
lf.order.pop,7,
self.cache[ol,7,
f.cache[oldest],9,
r.p,3,
put(self,3,
self.order.pop(,7,
order.pop(0),7,
r.append(key),6,
.cache[o,5,
ache[ol,5,
elf.cache[old,7,
rder.po,4,
cache[olde,5,
pop(0),5,
en(self.cache,6,
ache[old,4,
en(self.cache),7,
"ey,",3,
(self.c,4,
ache[key,4,
.order.pop(,6,
che[ol,4,
pop(0,4,
order.append(,4,
f.order.pop,6,
elf.cache[o,7,
(0),3,
.cache[oldes,7,
.cache[key,5,
che[oldest,5,
op(0,3,
he[key,3,
r.append(,4,
ache[oldest,6,
.order.pop(0),8,
cache[oldest],7,
value):,2,
der.ap,4,
order.po,3,
er.pop(0),7,
p(0),4,
.append(key),5,
ut(,3,
elf.cache[key],8,
d(key,3,
f.order.pop(0,8,
ue):,3,
he[oldest,5,
he[oldes,5,
he[oldest],6,
e[ol,4,
e[o,3,
e[olde,4,
e[oldest,5,
e[oldest],6,
[o,2,
e[oldes,5,
e[old,3,
[olde,3,
[ol,3,
[oldest,4,
[oldes,4,
fetch_,4,
oldest],4,
dest],3,
ldest],4,
st],2,
[old,2,
est],2,
[oldest],5,
fetch_u,5,
fetch_user(,6,
fetch_user(u,7,
fetch_user(use,7,
fetch_use,5,
der.append(key,5,
fetch_user,5,
fetch_user(us,7,
r.pop(,5,
fetch_user(user,7,
.cache[old,5,
len(self.cac,6,
rder.pop(,6,
order.pop(,5,
der.append,3,
nd(ke,5,
he[key],4,
fetch_us,5,
elf.cache[k,7,
rder.pop,5,
e):,2,
.pop(0),6,
f.cache[olde,7,
cache[ol,5,
elf.cache[oldes,9,
.cache[k,5,
elf.order.po,6,
etch_,3,
.cache[oldest],8,
d(ke,4,
ache[oldes,6,
he[old,3,
r.append(key,5,
r.po,3,
.cache[ol,6,
che[ke,4,
ppend(ke,6,
order.pop(0,6,
lf.cache[oldest,9,
f.cache[k,6,
ache[o,4,
he[k,3,
.append(key,4,
der.append(k,5,
etch_use,4,
er.pop(,5,
.cache),4,
etch_user,4,
he[olde,4,
der.pop,4,
che[olde,4,
ppend(k,5,
e[key],4,
lf.order.p,6,
elf.cache[olde,8,
order.p,3,
etch_u,4,
lf.order.appen,7,
.pop(0,5,
order.append,3,
etch_user(use,6,
lf.cache[key,7,
che[k,3,
"put(self,",4,
(self.cache,5,
pend(ke,5,
cache[old,4,
.cache[olde,6,
etch_user(u,6,
ache[olde,5,
.cache[oldest,7,
.append(ke,5,
che[old,3,
lf.order.appe,7,
er.pop(0,6,
(self.ca,5,
.capacity:,5,
op(,2,
elf.cache[key,7,
etch_user(us,6,
en(self.,4,
etch_us,4,
etch_user(user,6,
lf.cache[key],8,
ut(sel,5,
f.cache[oldes,8,
alue):,3,
etch_user(,5,
en(self.ca,6,
etch_user(user_,7,
self.cache[key,6,
che[oldest],6,
put(sel,4,
lf.cache[o,7,
tch_u,4,
self.cache[ke,7,
er.po,3,
der.pop(0,6,
elf.order.pop(0,9,
en(self.c,5,
pop(,3,
lf.order.pop(0),10,
lf.cache[oldes,9,
tch_us,4,
append(k,3,
lue):,3,
che[oldes,5,
er.append(k,5,
lf.order.pop(,8,
p(0,3,
en(self,3,
.cache[key],6,
r.pop(0),7,
rder.pop(0,7,
self.cache[old,6,
f.order.appe,6,
f.cache[ol,7,
len(self.ca,6,
he[ol,4,
rder.ap,5,
ut(s,4,
f.cache[o,6,
lf.cache[ol,8,
f.cache[oldest,8,
tch_user,4,
put(se,3,
.cache[ke,6,
ache[oldest],7,
tch_use,4,
tch_user(u,6,
che[o,3,
tch_user(,5,
tch_user(us,6,
len(self.cache),7,
.pop(,4,
tch_user(use,6,
.pop,3,
ch_user,4,
e[k,3,
tch_user(user_,7,
cache[o,4,
ch_use,4,
ch_us,4,
che[key,3,
append(key),4,
ch_user(u,6,
ch_user(us,6,
ch_u,4,
he[o,3,
f.cache[key,6,
ch_user(user,6,
.order.po,4,
cache[oldest,6,
tch_user(user,6,
ch_user(user_id,8,
n(self.cache,6,
cache[oldes,6,
order.a,3,
ch_user(,5,
ch_user(use,6,
ch_user(user_i,8,
tch_user(user_i,8,
ch_user(user_,7,
h_user(,4,
h_u,3,
h_user(us,5,
h_user(user_id,7,
h_user(user_,6,
_us,2,
_use,2,
h_user(user,5,
h_user(user_i,7,
_user(use,4,
rder.p,4,
h_user(u,5,
h_use,3,
_user(user_i,6,
_user(us,4,
h_us,3,
h_user(user_id:,8,
h_user,3,
_user(user,4,
_user,2,
_user(u,4,
h_user(use,5,
_user(user_id,6,
_user(,3,
_user(user_,5,
_user(user_id:,7,
httpx.Asy,7,
user(u,3,
user(,2,
.AsyncClient(),8,
user(user_i,5,
ttpx.As,6,
x.AsyncClient(,9,
ser(u,4,
ttpx.Asyn,9,
"ent.get(f""/api/",10,
client.get(,4,
x.AsyncClient(),9,
.AsyncClient(,8,
.AsyncClie,7,
syncClient(),5,
nt.ge,5,
syncClient,4,
nt.get(,5,
r(use,3,
cClien,3,
"lient.get(f""",7,
user(us,3,
"nt.get(f""/",8,
ttpx.AsyncCli,11,
tpx.AsyncClien,10,
AsyncClient,6,
"nt.get(f""/ap",10,
(user,2,
httpx.AsyncC,9,
cCl,3,
"nt.get(f""/api",9,
ttpx.AsyncCl,11,
t.get,3,
ser(,3,
_id:,3,
ient.g,4,
ient:,3,
"t.get(f""/a",8,
"ient.get(f""/a",9,
x.AsyncClient,8,
httpx.As,5,
tpx.AsyncC,9,
x.Async,4,
er(user_i,5,
client.ge,4,
(user_id:,5,
".get(f""",5,
(user_id,4,
px.As,3,
ncClie,4,
".get(f""/a",7,
"lient.get(f""/ap",10,
".get(f""/api/",8,
ncClient,4,
.AsyncCl,7,
".get(f""/api/use",9,
client.g,3,
r(us,3,
syncClient(,5,
syncC,3,
ser(user,4,
"get(f""/api/",7,
tpx.Asyn,8,
yncClien,4,
ient.get(f,6,
ncCl,4,
"get(f""/api/user",8,
id:,2,
AsyncCli,6,
er(user,3,
ent.get,4,
"et(f""/a",6,
ser(use,4,
"et(f""/api/use",8,
yncC,3,
ser(user_,5,
"get(f""/api/use",8,
httpx.AsyncCli,10,
AsyncClient(),7,
"t(f""/a",6,
.AsyncClient,7,
ent.get(,5,
"t(f""/api/u",8,
er(user_id,5,
".get(f""/api/us",9,
px.AsyncClie,8,
r_id:,4,
ient(),3,
x.AsyncC,7,
er(user_id:,6,
nt(),3,
Clien,3,
(user_,3,
.AsyncClien,7,
"(f""/api/us",7,
"t.get(f""/",7,
"t(f""/ap",7,
lient.ge,5,
"(f""/api/users",7,
"(f""/api/users/",8,
yncClient,4,
AsyncClient(,7,
"t.get(f""/api",8,
"t(f""/api/users",8,
ser(us,4,
"f""/api",4,
"et(f""/",5,
nt.get(f,6,
AsyncClien,6,
x.Asy,5,
"ent.get(f""/a",9,
user(user_,4,
"f""/api/use",6,
"nt.get(f""",7,
"et(f""/ap",7,
x.AsyncCli,8,
ncClient(),5,
user(user,3,
ttpx.Async,7,
"(f""/a",5,
px.AsyncC,7,
ncClien,4,
"""/api/user",5,
"et(f""/api",6,
"""/api/use",5,
er_id:,4,
"""/api/users/{",7,
"f""/api/users/{u",9,
"t(f""/api",6,
tpx.AsyncClient,10,
ent:,3,
"ent.get(f""",7,
px.AsyncCl,8,
"et(f""/api/user",8,
user(user_id,5,
x.Asyn,6,
yncClient(,5,
AsyncCl,6,
lient.get,4,
"f""/api/user",6,
"""/api/users",5,
ent.ge,5,
syncClie,4,
"(f""/api/user",7,
"client.get(f""",6,
Client(),3,
x.AsyncCl,8,
AsyncC,5,
"t(f""/",5,
".get(f""/",6,
r(user_id,5,
"f""/ap",5,
"t(f""/api/users/",9,
api/u,3,
ser(user_i,6,
api/us,3,
"et(f""/api/us",8,
api/use,3,
api/users,3,
api/user,3,
api/users/{u,6,
api/users/,4,
pi/,3,
api/users/{,5,
api/users/{user,6,
api/users/{use,6,
api/users/{us,6,
pi/us,4,
pi/u,4,
pi/user,4,
pi/use,4,
pi/users/{u,7,
pi/users/{us,7,
pi/users/{,6,
pi/users/,5,
i/us,3,
pi/users/{user_,8,
pi/users/{user,7,
i/user,3,
i/users/,4,
pi/users/{use,7,
i/users/{,5,
i/users,3,
i/u,3,
"nt.get(f""/a",9,
i/users/{u,6,
pi/users,4,
cClie,3,
"f""/api/",5,
"ient.get(f""/ap",10,
ncClient(,5,
i/use,3,
px.AsyncClient,8,
"f""/api/users/",7,
px.Async,4,
/api/users/{us,7,
/api/users/{u,7,
ttpx.A,6,
syncClien,4,
ser_id:,5,
nt.get,4,
(user_i,4,
.AsyncC,6,
t.get(,4,
httpx.AsyncCl,10,
.AsyncCli,7,
".get(f""/api/u",9,
lient.get(f,6,
ttpx.AsyncClien,11,
"f""/api/users",6,
/api/u,4,
get(f,3,
"f""/a",4,
"t(f""/api/",7,
yncClie,4,
client.get(f,5,
yncClient(),5,
"et(f""/api/u",8,
r(user_i,5,
lient.g,4,
r(user,3,
i/users/{us,6,
"(f""/api/u",7,
ttpx.AsyncClie,11,
px.Asyn,6,
"(f""/api",5,
"et(f""/api/",7,
/api/users/,5,
ient.get,4,
"(f""/ap",6,
tpx.A,5,
"et(f""",4,
"get(f""/ap",7,
r(user_id:,6,
"get(f""/api/u",8,
ttpx.Asy,8,
cClient(),4,
yncCl,4,
tpx.Asy,7,
"""/api",3,
ser(user_id:,7,
api/,2,
".get(f""/api",7,
px.AsyncCli,8,
t.get(f,5,
httpx.Asyn,8,
px.Asy,5,
"f""/",3,
user(user_id:,6,
"ient.get(f""/",8,
/users,2,
syncCli,4,
"""/api/",4,
user_id:,4,
ent.g,4,
tpx.Async,6,
"(f""/api/users/{",9,
ent.get(f,6,
httpx.A,5,
"get(f""/api/us",8,
er(use,3,
"""/api/users/{us",8,
"lient.get(f""/a",9,
/api/,3,
"t.get(f""/api/u",10,
"f""/api/us",6,
"get(f""/",5,
nt.g,4,
.Asyn,5,
ient(,3,
tpx.AsyncCl,10,
lient.,3,
"get(f""/api",6,
"client.get(f""/",7,
"ient.get(f""/api",9,
user(use,3,
/users/,3,
r(user_,4,
i/users/{user_i,8,
"ent.get(f""/",8,
"""/a",3,
ent(),3,
"t(f""/api/us",8,
"nt.get(f""/api/u",11,
ttpx.AsyncC,10,
"ient.get(f""",7,
"""/api/us",5,
.Async,3,
"""/api/users/{u",8,
"client.get(f""/a",8,
i/users/{user_,7,
"(f""/api/use",7,
"ent.get(f""/ap",10,
cClient(,4,
t.ge,4,
client.get,3,
httpx.Async,6,
"lient.get(f""/",8,
/users/{us,5,
/api/us,4,
"t.get(f""",6,
i/users/{use,6,
x.AsyncClie,8,
/users/{user_i,7,
/users/{user_,6,
tpx.AsyncCli,10,
/api/users,4,
"f""/api/u",6,
/users/{,4,
/user,2,
/users/{use,5,
er(user_,4,
ient.,3,
tpx.AsyncClie,10,
/users/{user,5,
ient.get(,5,
httpx.AsyncClie,10,
/users/{u,5,
/api/users/{,6,
t.g,3,
AsyncClie,6,
Client(,3,
et(f,3,
x.A,3,
"(f""/api/",6,
"t(f""/api/user",8,
.get(f,4,
cClient,3,
/use,2,
"nt.get(f""/api/",10,
"f""/api/users/{",8,
"t(f""/api/use",8,
"t.get(f""/api/us",10,
"(f""/",4,
"get(f""/a",6,
px.A,3,
/api/use,4,
ser(user_id,6,
"""/ap",4,
"get(f""",4,
"""/api/users/",6,
er(us,3,
px.AsyncClient(,9,
users/{,3,
"t.get(f""/api/",9,
/users/{user_id,7,
users/{u,4,
lient:,3,
lient.get(,5,
users/,2,
"t.get(f""/ap",9,
users/{user_,5,
lient(,3,
"et(f""/api/users",8,
"""/api/u",5,
users/{us,4,
ient.ge,5,
"ent.get(f""/api",9,
tpx.As,5,
users/{user,4,
lient(),3,
users/{user_id,6,
users/{use,4,
users/{user_i,6,
i/users/{user,6,
/api/users/{use,7,
users/{user_id},7,
sers/{,4,
sers/{us,5,
sers/{u,5,
px.AsyncClien,8,
sers/,3,
/api/user,4,
sers/{user,5,
Clie,3,
sers/{user_id,7,
sers/{user_i,7,
sers/{use,5,
sers/{user_,6,
ers/{,4,
ers/{u,5,
ers/{user_,6,
ers/{us,5,
x.AsyncClien,8,
".get(f""/ap",8,
rs/{,4,
sers/{user_id},8,
rs/{user_id,7,
ers/{user_id,7,
rs/{user_id},8,
"ers/{user_id}"")",9,
rs/{use,5,
"rs/{user_id}""",9,
s/{,3,
yncCli,4,
rs/{user_i,7,
s/{u,4,
s/{user_i,6,
s/{user,4,
"ers/{user_id}""",9,
rs/{us,5,
rs/{u,5,
rs/{user_,6,
"sers/{user_id}""",9,
ers/{use,5,
ers/{user,5,
s/{user_id,6,
ers/{user_i,7,
s/{use,4,
s/{user_id},7,
s/{us,4,
"s/{user_id}""",8,
s/{user_,5,
rs/{user,5,
ers/{user_id},8,
"s/{user_id}"")",8,
"rs/{user_id}"")",9,
ncCli,4,
syncCl,4,
/{u,3,
/{use,3,
/{user_,4,
/{user_id,5,
/{user_id},6,
"er_id}""",5,
"{user_id}""",6,
esp.raise_for_s,9,
_id},3,
"_id}""",4,
"user_id}"")",5,
sp.raise,5,
e_for_status(),6,
ise_,3,
_for_st,4,
ise_fo,5,
tus(),3,
sp.raise_for_st,9,
resp.status_,5,
_for_statu,5,
{user_id,4,
resp.json(,5,
{user_i,4,
resp.status_c,6,
esp.js,4,
p.raise_,5,
se_fo,4,
resp.st,4,
se_for_s,5,
esp.json(,5,
for_sta,4,
e_for_sta,6,
aise_for_st,6,
e_for_status,5,
sp.jso,5,
sp.rai,5,
sp.raise_f,7,
"r_id}"")",5,
p.jso,4,
sp.st,4,
.raise_f,5,
esp.status_c,6,
sp.status_,5,
.json(),3,
or_status(),4,
e_for_s,5,
ise_for,4,
.rai,3,
sp.json,4,
son(),2,
or_s,3,
JavaSc,5,
.raise_fo,6,
avaS,3,
resp.s,4,
p.statu,4,
raise_for,4,
or_stat,4,
esp.status,4,
for_status(),4,
or_sta,4,
p.raise_fo,7,
r_statu,4,
esp.stat,5,
avaScript,4,
_status(,3,
aise_f,4,
sp.raise_fo,8,
aise_for_s,6,
p.json,3,
raise_f,4,
sp.sta,5,
aScr,3,
resp.rai,5,
aise_for_,5,
aise_for_stat,7,
.ra,3,
resp.jso,5,
e_for_stat,6,
e_for_statu,6,
_stat,3,
Scri,3,
status(),2,
sp.json(),5,
p.raise_f,6,
"er_id}"")",5,
ypeScr,5,
ise_for_s,6,
p.status_,4,
.raise_for_stat,8,
"id}"")",3,
p.json(),4,
"r_id}""",5,
resp.raise_for_,8,
resp.j,4,
sp.raise_for_s,9,
eS,2,
.json(,3,
peScri,3,
_for_stat,5,
e_f,3,
avaSc,4,
interfa,3,
TypeScript,5,
avaScri,4,
esp.json(),5,
_for_s,4,
peScr,3,
resp.raise_for,7,
resp.status_co,6,
TypeScr,5,
sp.raise_for,7,
se_for_statu,6,
esp.sta,5,
ypeS,4,
raise_for_st,6,
"d}""",3,
aS,2,
vaScr,4,
vaS,3,
terfa,3,
_sta,3,
esp.json,4,
erfac,3,
for_status,3,
"user_id}""",5,
raise_for_stat,7,
/{us,3,
ypeScript,5,
resp.status_cod,7,
ing;,3,
esp.raise_,6,
g;,2,
ng;,3,
mail:,3,
il:,2,
ail:,3,
string[],3,
string[];,3,
tring[];,4,
ring[],4,
ring[];,4,
tring[],4,
ing[],4,
tring[,3,
string[,2,
ing[,3,
ng[];,4,
oles:,3,
ng[,3,
p.js,3,
g[,2,
g[],3,
ng[],4,
roles:,3,
"id}""",3,
user_id},4,
avaScr,4,
esp.raise_for_,8,
sp.status_code,6,
status(,2,
for_s,3,
ring[,3,
ing[];,4,
g[];,3,
sp.status_c,6,
esp.jso,5,
aise_for_statu,7,
"/{user_id}"")",7,
vaScrip,5,
.rais,3,
_statu,3,
for_stat,4,
peScript,3,
sp.raise_for_,8,
id},2,
resp.json,4,
se_for_st,5,
or_status(,4,
ypeSc,5,
ise_for_status,6,
sp.rais,5,
mber;,3,
for_status(,4,
p.raise_for_sta,9,
p.status,3,
atus(,3,
resp.raise_,6,
r_status(,4,
/{user_i,5,
04:,2,
esp.status_cod,7,
aSc,3,
terface,2,
aise_for_status,6,
peS,2,
_for_status(,5,
p.rai,4,
createdA,3,
"_id}"")",4,
p.stat,4,
peScrip,4,
r_id},4,
raise_for_,5,
p.status_cod,6,
se_for,3,
esp.raise_f,7,
sp.js,4,
peSc,3,
se_for_,4,
aScri,3,
se_for_stat,6,
/{user,3,
esp.raise_fo,8,
ise_for_st,6,
terfac,3,
resp.raise,5,
aise_fo,5,
r_st,3,
vaScri,4,
p.raise_for,6,
JavaScr,5,
p.j,3,
resp.stat,5,
"/{user_id}""",7,
r;,2,
se_f,3,
_for,2,
sp.ra,5,
atus(),3,
esp.raise,5,
tatus(),4,
sp.statu,5,
tus(,3,
e_for_,4,
Scrip,4,
_for_sta,5,
esp.status_co,6,
sp.status,4,
aScript,3,
esp.s,4,
sp.j,4,
rface,2,
p.st,3,
json(,2,
or_st,3,
ring;,3,
se_for_status,5,
esp.st,4,
esp.ra,5,
er;,2,
_status(),3,
vaSc,4,
p.sta,4,
umber;,3,
_for_,3,
reatedAt:,6,
TypeSc,5,
atedA,3,
for_statu,4,
{user_,3,
e_for,3,
sp.status_cod,7,
raise_fo,5,
json(),2,
TypeS,4,
nterfac,4,
"d}"")",3,
reatedA,4,
.raise,3,
resp.status,4,
resp.json(),5,
esp.status_,5,
ypeScrip,6,
{user_id},5,
tatus(,4,
TypeScrip,6,
for_st,3,
"ser_id}""",6,
avaScrip,5,
.raise_for_,6,
ber;,3,
raise_for_sta,7,
ise_for_status(,7,
sp.stat,5,
ise_for_statu,7,
p.r,3,
p.raise,4,
sp.r,4,
resp.r,4,
ise_for_stat,7,
se_for_sta,6,
eSc,3,
ser_id},5,
se_for_status(),6,
interfac,3,
atedAt,4,
resp.sta,5,
p.rais,4,
esp.r,4,
esp.rais,5,
createdAt,4,
resp.raise_f,7,
_fo,3,
JavaScri,5,
JavaScrip,6,
ise_for_,5,
esp.j,4,
resp.raise_fo,8,
aise_for,4,
p.ra,4,
e_fo,4,
ypeScri,5,
edAt,3,
_for_status,4,
raise_for_s,6,
reatedAt,5,
p.raise_for_st,8,
eScript,3,
resp.ra,5,
aise_for_sta,7,
p.status_code,5,
se_for_status(,6,
or_status,3,
aise_,3,
tedAt:,5,
tring;,3,
_status,2,
or_statu,4,
"ser_id}"")",6,
p.raise_for_,7,
erface,2,
ise_f,4,
.raise_for_s,7,
sp.json(,5,
aScrip,4,
p.status_co,5,
404:,2,
esp.statu,5,
r_s,3,
ise_for_sta,7,
r_sta,4,
"{user_id}"")",6,
sp.s,4,
raise_for_statu,7,
sp.status_co,6,
r_stat,4,
edAt:,4,
dA,2,
eatedAt:,6,
esp.rai,5,
eatedAt,5,
eScrip,4,
_for_status(),5,
JavaS,4,
edA,2,
createdAt:,5,
son(,2,
sp.raise_,6,
dAt:,4,
r_status,3,
At:,2,
e_for_st,5,
.raise_for_sta,8,
formatUs,4,
resp.statu,5,
.raise_for_st,7,
te;,2,
p.s,3,
nterfa,4,
p.raise_for_s,8,
vaScript,4,
formatUser,4,
resp.js,4,
dAt,3,
eScri,3,
formatUser(user,6,
ate;,3,
ormatU,4,
er_id},4,
formatUser(use,6,
r_status(),4,
formatUse,4,
formatUser(us,6,
formatUser(u,6,
formatU,3,
ormatUs,5,
ormatUser(,6,
for_,2,
resp.rais,5,
ormatUser(u,7,
ormatUse,5,
ormatUser,5,
raise_,3,
nterface,3,
.status_code,4,
rmatUs,5,
tedAt,4,
tedA,3,
ormatUser(user:,8,
eatedA,4,
rmatUser(u,7,
esp.raise_for,7,
eScr,3,
esp.status_code,6,
rmatUse,5,
ormatUser(us,7,
ormatUser(user,7,
matUser,3,
TypeScri,5,
rmatUser(,6,
formatUser(,5,
ormatUser(use,7,
.raise_for,5,
matUser(us,5,
p.status_c,5,
rmatUser(user,7,
matUs,3,
atedAt:,5,
e_for_status(,6,
.raise_,4,
p.json(,4,
rmatUser(use,7,
matUser(,4,
matUser(u,5,
matUse,3,
matU,2,
rmatUser(us,7,
rmatUser(user:,8,
rmatUser,5,
rmatU,4,
Fprin,4,
cludes('a,5,
<${,2,
er.name},4,
tUse,3,
r.na,3,
${user.e,4,
users.filte,4,
${user.email},5,
tchUse,4,
ser.name,4,
er.email}>`;,7,
et:,2,
.email}>`,5,
r.ema,4,
{user.,3,
it:,2,
${user.email}>`,7,
`${user.n,5,
atUser(user,5,
hUsers({,5,
<${u,3,
r.email}>,5,
`${user,3,
{user.email}>`;,8,
ser.emai,5,
r.email},4,
il}>,3,
users.f,3,
r.email}>`;,7,
.emai,3,
chUser,3,
ail},3,
${user.,3,
tchUsers,5,
}>`,3,
ser.email}>`;,8,
r.n,3,
sers.fil,5,
hUsers,4,
er.em,3,
l}>,3,
ser(user:,5,
{user.email},5,
${user.email,4,
${user.ema,5,
mail}>,4,
il}>`,4,
tchUsers(,6,
user.e,3,
er.n,3,
<${user.,4,
<${user.email},6,
etchUsers,5,
tchUs,4,
.fo,3,
er.email},4,
r.name},4,
s({,2,
tchUsers({,6,
chUse,3,
${u,2,
<${user.email,5,
mail},3,
atUse,3,
net/htt,4,
User(user,3,
p.Res,4,
atUser(,4,
${user,2,
${use,2,
includes('a,4,
user.em,3,
s.filter(,5,
net/h,3,
rE,2,
.roles.inc,6,
"t/http""",4,
t.Fprin,6,
in')).f,4,
"net/http""",4,
matUser(user,5,
dmin')).f,6,
min')),3,
udes('admin,5,
log(,2,
sole.l,4,
"nseWriter,",6,
.filter(,4,
tp.Respons,6,
User(user:,4,
le.lo,4,
est),2,
`${,2,
http.R,3,
le.log(u,5,
user.email}>`;,7,
nsole.log(u)),8,
u.roles.inc,7,
sponseWriter,6,
('admin',4,
ole.log(u));,7,
.filter,3,
nseWriter,5,
'admin',4,
email}>,3,
es('admin')).fo,8,
User(use,3,
u.role,3,
handleIndex,5,
filter(u,4,
le.,2,
n')),3,
ttp.Respon,7,
fmt.Fprintf(w,11,
}>`;,4,
admin')).forEa,7,
oles.in,4,
p.Respo,5,
eInde,3,
etchUse,4,
er.email}>`,6,
tp.ResponseWr,9,
http.Request),5,
"et/http""",4,
ttp.Request,6,
admin')).f,5,
users.filter(u,6,
cludes(',4,
in')).for,4,
${user.n,4,
"t.Fprintf(w,",10,
orEach,3,
"onseWriter,",6,
"esponseWriter,",7,
sole.log(u),7,
http.Resp,5,
.Response,3,
user.emai,4,
"""net/",3,
user.na,3,
ndex(w,5,
handleIndex(,6,
user.email},4,
hUsers(,5,
admin')).fo,6,
.Reque,4,
.forEach,4,
dmin')).,5,
s.fil,4,
des('admin',5,
log(u),4,
p.Reque,5,
u.roles.inclu,8,
).f,2,
tp.ResponseWri,9,
udes(,3,
ncludes('ad,7,
hU,2,
es.incl,4,
ttp.Requ,7,
p.Respon,5,
sponseWrit,6,
ole.l,4,
les.inc,4,
*htt,3,
('admin')).,5,
n')).forEach,6,
{user.email}>`,7,
ers.filter(u,7,
chUsers,4,
udes('admin')),7,
ttp.ResponseWri,10,
min')).forEach(,7,
onsole.lo,6,
User),2,
r.em,3,
'admin')).forE,7,
t/http,3,
ndex(,4,
${user.name},5,
s('admin')).for,7,
nseWr,4,
tchU,3,
.filt,3,
fmt.,4,
r.e,3,
('adm,3,
ncludes('admi,7,
mail}>`;,6,
ole.log,4,
mt.Fprin,7,
ndleIndex(w,8,
p.Resp,5,
<${user.e,5,
ole.log(u)),7,
ResponseWriter,7,
.for,2,
esponseWrit,6,
ResponseW,5,
tp.Respo,6,
mt.Fprintf,8,
ponseWriter,6,
includes(',3,
s('admin',5,
ers({,3,
et/ht,4,
.Reques,4,
ers.f,4,
*http.Request,5,
mt.Fpri,7,
s.incl,4,
n')).forEac,6,
orEa,3,
admin')).forE,6,
chUsers(,5,
'admin,3,
x(w,3,
atUser(us,5,
"""net/http""",5,
seWrit,4,
sponseW,4,
rEach(,4,
offse,2,
.Res,3,
tUser(us,5,
s.inclu,5,
les.includ,4,
u.roles.,5,
.include,2,
User(,2,
"""fmt",4,
ers.filter(,6,
t/ht,4,
ter(u,4,
sole.log(u,6,
rs.filte,5,
filter(,3,
mt.Fp,6,
onseWrite,5,
eWrit,4,
oles.,3,
admin')).,4,
sers.filt,5,
il},2,
leInd,3,
er.email}>,5,
in')).forEac,6,
oles.includ,5,
tUser(use,5,
s('admin')).f,7,
u.roles.incl,7,
rs.filter,5,
tUser(user:,6,
es('adm,4,
onseWr,4,
${user.nam,5,
"""net/h",4,
includes('adm,5,
sers.filter(u,7,
<${user.email}>,7,
p.ResponseWri,8,
"eWriter,",5,
Index(,3,
')).f,3,
.roles.includes,6,
<${us,3,
console.log(u),6,
es('admin',5,
(u),3,
http.Reque,5,
udes(',3,
sers(,3,
).forEac,4,
des('adm,4,
min',2,
.rol,3,
Wri,3,
lter(,3,
"ResponseWriter,",8,
ludes('admin')),8,
t.Fpr,6,
"""net/ht",5,
es('admin')).,6,
')).forEach(,6,
nsole.log(u),8,
oles.include,4,
ndleInd,5,
"seWriter,",5,
'ad,3,
andleIn,4,
u)),2,
`${use,3,
p.Reques,5,
etchUsers({,6,
{user.e,4,
ludes,3,
includes('admi,5,
rs.filter(,6,
{user.na,4,
sole.log(u)),7,
oles.inc,5,
ser:,3,
t/h,3,
seW,2,
fetchUsers(,7,
des('admi,4,
ers.fi,5,
ttp.Request),7,
ponseWr,5,
r(user:,4,
er.e,3,
email},2,
in')).forEach,6,
roles.includes(,6,
sole.log(u));,7,
<${user.emai,6,
*http.,3,
es('a,3,
mt.Fprintf(w,10,
ncludes('a,6,
nsole.log(u,7,
"""fm",3,
seWri,3,
p.ResponseWr,8,
es('admin')),6,
le.log(u));,6,
cludes('adm,6,
('a,2,
eIndex,4,
*http.Re,5,
g(u)),4,
les.i,3,
nsole.log,5,
quest),3,
les.inclu,5,
.includes(,4,
in')).forEach(,7,
udes('adm,5,
fmt.Fpr,8,
ResponseWri,6,
"iter,",3,
includes('ad,5,
in')).forEach(u,8,
admin')),4,
nsole,3,
ttp.Respons,7,
p.ResponseWrite,9,
ser.e,4,
eWri,3,
dmin',4,
tp.Res,5,
tp.Response,5,
ndleIndex,6,
nsole.log(,6,
sers.fi,5,
"tp""",3,
console.log(u)),6,
Request),3,
http.Requ,5,
*http.Req,5,
s('admin')).,6,
min')).for,4,
'adm,3,
.ResponseWri,7,
')).forEac,5,
n')).fo,5,
sole.log(,5,
ncludes(',5,
p.Request),5,
andleIndex(w,7,
nseW,3,
esponseWr,5,
s.filter(u,6,
.roles.incl,6,
es('admi,4,
/htt,3,
`${us,3,
min')).forEach,6,
{user.ema,5,
fmt.Fprin,8,
og(u,3,
oles.includes(,6,
ex(w,4,
offset:,3,
tp.Requ,6,
Respon,3,
ser):,3,
es.inclu,5,
('admin')).for,6,
rs.filt,5,
dleIndex(w,7,
Reque,3,
.Fprin,5,
)).forEach,5,
<${user,3,
).forEach(,5,
forEach(,4,
tp.Resp,6,
handleInde,4,
ttp.Reque,7,
ponseWrite,6,
)).fo,4,
(u));,3,
ex(,3,
es.includes,4,
).for,2,
roles.i,4,
('admin'),4,
'admin')).for,6,
esponseWrite,6,
des('a,3,
onsole.log,5,
chUs,3,
ludes(',4,
ResponseWrit,7,
onsole.log(u,7,
rEac,3,
http.ResponseWr,8,
`${user.nam,6,
nsole.l,5,
.forEa,4,
.ResponseW,6,
net/,2,
p.Requ,5,
ndleI,4,
fetchUse,5,
.email}>,4,
Reques,3,
ludes('a,5,
"http""",2,
ttp.Req,6,
ole.log(,5,
/http,2,
ffse,3,
u.roles.in,6,
seWr,3,
les.include,3,
ch(u,4,
t.F,3,
le.log(u)),6,
onsole.log(u));,8,
tp.Request,5,
e.log(u),6,
"mt.Fprintf(w,",11,
.ResponseWr,7,
eI,2,
Index(w,4,
.Request),4,
ail}>`;,6,
er.na,3,
hUse,3,
onsole.log(u)),8,
onsole.l,5,
*h,2,
u.roles.i,6,
min')).f,4,
.log(u)),5,
ser.ema,5,
.includes('admi,6,
{user.email}>,6,
onseWrit,5,
dleIndex,5,
oles.incl,5,
s.includes(,5,
ludes('admin'),7,
.Request,3,
http.Respons,5,
.roles.include,5,
"fmt""",4,
tUser(,4,
http.Respo,5,
${user.name,4,
)).for,3,
s.includes('a,6,
'admin')).f,6,
`${user.,4,
andleI,3,
http.Respon,5,
ndleIn,5,
Users(,3,
.Fpri,5,
g(u,3,
Each(u,4,
.forE,3,
"""net",2,
og(u)),4,
s('ad,4,
seWriter,4,
ers.filte,5,
User(u,3,
onseW,3,
"riter,",3,
.email,2,
Each(,3,
log(u,3,
.email},3,
handleInd,4,
er.ema,4,
u.rol,4,
sole.lo,5,
ser.email},5,
sponseWr,5,
admin')).forEac,7,
${user.em,4,
ers.fil,5,
tp.ResponseW,8,
udes('ad,5,
net/ht,4,
user.name,3,
'admin')).fo,7,
.Respo,4,
andleInd,4,
{user.name},5,
g(u));,4,
"ponseWriter,",7,
*ht,3,
og(,2,
ser),3,
er):,2,
des('admin')).,6,
eW,2,
og(u),4,
ers.filt,5,
ttp.Response,6,
dex(,3,
orEach(u,5,
rs.f,4,
<${user.em,5,
u.roles.include,6,
handleIn,4,
ole.log(u,6,
forEa,3,
e.log(,4,
es('admin,4,
n')).forEa,6,
.ro,3,
sponseWri,5,
ponseW,4,
log(u));,4,
dmin')).forEach,8,
http.Reques,5,
t.Fp,5,
mit:,3,
Fpri,4,
ttp.R,5,
s.inc,4,
les.includes(,5,
s.filte,4,
console.log(,4,
user.email}>,5,
('admin')).f,6,
{user.name,4,
.filte,3,
Respo,3,
.includ,3,
tp.Req,5,
r.emai,4,
er.name,3,
${user.emai,5,
ffset:,4,
users.filter(,5,
mt.F,4,
et/htt,4,
n')).forEach(u,8,
sers.filte,5,
in')).,3,
user.name},4,
('admin')).fo,7,
mail}>`,5,
tp.Request),6,
'admin')),5,
.ResponseWriter,8,
es(',2,
{user.emai,5,
seWrite,4,
.includes,3,
ponseWrit,6,
<${user.ema,6,
')).for,3,
console.lo,4,
p.Respons,5,
eIn,3,
console.log,3,
udes('admin'),6,
s('a,3,
min')).fo,5,
ser.email,4,
eWriter,4,
.email}>`;,6,
des('admin,4,
dmin')).fo,7,
r.email}>`,6,
e.lo,4,
ole.log(u),7,
es('admin')).f,7,
http.Response,4,
et/,2,
ser.n,4,
*http.R,4,
in')),3,
tp.Reques,6,
admin')).for,5,
onsole.log(u),8,
.includes('a,5,
s('admin')),6,
includes('admin,5,
*http,2,
{user.nam,5,
n')).for,4,
p.ResponseW,7,
dmin'),4,
.ema,3,
ludes('ad,6,
fmt.Fp,7,
des('admin'),5,
p.Re,4,
min')).forEa,6,
andleIndex,5,
)).forEach(,6,
fset:,3,
r.email,3,
Fpr,4,
handleIndex(w,7,
lter(u,4,
eIndex(,5,
dleI,3,
es.include,3,
${user.email}>,6,
e.log(u));,6,
leIndex,4,
.inc,3,
.roles.i,5,
ser.email}>`,7,
fmt.Fprintf,9,
fetchU,4,
l}>`,4,
forE,2,
('admi,3,
u.roles,4,
)).forEac,5,
cludes('admin,6,
ole.lo,5,
ndleInde,5,
atUser(user:,6,
fetchUser,5,
leInde,3,
equest),3,
e.log,3,
etchUs,4,
includes(,3,
http.Req,4,
e.log(u,5,
.includes(',4,
er(user:,4,
users.fi,4,
oles.includes(',6,
{user.em,4,
sponseWrite,6,
nsole.lo,6,
udes('a,4,
Requ,3,
ResponseWr,6,
min')).forE,5,
des(,2,
.filter(u,5,
"100,",2,
e.log(u)),6,
console.log(u,5,
s.filter,4,
t.Fprint,6,
fetchUsers({,7,
ser.email}>,6,
g(u),4,
es.includes('ad,7,
mt.,3,
/ht,3,
cludes('admi,6,
andleIndex(,6,
le.log,3,
"sponseWriter,",7,
ncludes('admin,7,
s.includes('adm,7,
ole.,3,
hUs,3,
tp.Respon,6,
rs.fil,5,
tp.ResponseWrit,10,
admin',3,
user.nam,4,
nsole.log(u));,8,
console.l,3,
onsole.log(,6,
l}>`;,5,
des('ad,4,
leI,2,
.roles,3,
fmt.Fprint,8,
ludes(,4,
u));,2,
udes('admi,5,
hUser,3,
.ResponseWrite,8,
oles.i,4,
dmin')).forEa,8,
.roles.includ,6,
http.Res,4,
rs.fi,5,
oles.inclu,6,
roles.inc,5,
{user.email,4,
forEac,3,
('ad,3,
http.ResponseW,7,
er.email,3,
User):,2,
etchUser,4,
"""net/htt",5,
et/h,3,
.includes('ad,6,
.Fprintf,6,
limit:,3,
og(u));,4,
s('admin,4,
ponseWri,5,
')).forE,4,
.log(,3,
*http.Reques,6,
ail}>`,5,
.Req,3,
cludes(,4,
leIndex(,5,
er.nam,4,
mt.Fprintf(,9,
andleInde,4,
oles.includes,5,
ser.na,4,
uest),3,
sers({,3,
')).fo,4,
.roles.,4,
sers.f,4,
ludes('admin',7,
nseWri,4,
es('ad,4,
roles.,3,
.roles.inclu,7,
.ResponseWrit,8,
onsole,3,
.Fprintf(w,8,
onseWriter,5,
admin'),3,
ffset,3,
des('admin')),6,
imit:,3,
*http.Reque,6,
".Fprintf(w,",9,
s.includ,4,
tUser(user,5,
es.includes(',5,
user.email}>`,6,
('admin')).forE,7,
`${user.na,5,
n')).,3,
ttp.ResponseW,9,
roles.include,4,
eWrite,4,
rs({,3,
p.Req,4,
rs.filter(u,7,
er.emai,4,
roles.includ,5,
des(',2,
')).forEach,5,
mt.Fprint,7,
cludes('ad,6,
ndleIndex(,7,
dmin')).forE,7,
cludes('admin',7,
mt.Fpr,7,
('admin,3,
')).forEach(u,7,
Users({,3,
{user.n,4,
)).f,3,
"Writer,",4,
u.roles.includ,7,
.log(u));,5,
"mt""",3,
es('admin'),5,
et/http,3,
eIndex(w,6,
${user.na,4,
p.Request,4,
u.r,3,
ach(u,4,
atU,2,
ResponseWrite,7,
"/http""",3,
users.filter,4,
chU,2,
p.Response,4,
.F,2,
"""net/http",4,
>`;,3,
email}>`;,5,
udes('admin')).,7,
.forEac,4,
User(us,3,
ser.em,4,
tUs,3,
dmin')),5,
.inclu,4,
fmt.F,5,
s('admin'),5,
.incl,3,
les.includes('a,6,
dleInde,4,
rEa,3,
es.includes(,5,
ludes('admi,6,
${us,2,
ludes('adm,6,
dmin')).for,6,
les.in,3,
tU,2,
etchUsers(,6,
orEac,3,
le.l,3,
sers.filter(,6,
h(u,3,
user.ema,4,
u),2,
tUser,3,
es.inc,4,
eInd,3,
')).forEa,5,
dleInd,4,
ser.,3,
')).,2,
`${u,3,
il}>`;,5,
des('admin')).f,7,
'admi,3,
sers.,3,
'admin')).,5,
.includes('adm,6,
*http.Requ,6,
'admin')).forEa,8,
me},2,
.Resp,4,
sole.,3,
le.log(u),6,
ncludes,4,
in',2,
ail}>,4,
ncludes(,5,
.Respons,4,
users.fil,4,
.log(u),5,
s.includes,4,
.Requ,4,
le.log(,4,
rEach,3,
t.Fprintf(w,9,
http.Re,4,
"ttp""",4,
fset,2,
s.include,3,
ttp.Respo,7,
t.Fprintf,7,
).fo,3,
s.includes(',5,
tp.Reque,6,
ach(,3,
eWr,3,
in')).forE,5,
les.includes(',5,
min'),2,
r.nam,4,
n')).forE,5,
chUsers({,5,
roles.in,4,
es.includ,4,
ttp.ResponseWr,10,
ilter(u,5,
matUser(use,5,
s('adm,4,
dleIndex(,6,
t.Fpri,6,
)).forE,4,
Fprintf,5,
roles.inclu,6,
).forEach,4,
ncludes('adm,7,
s(',2,
forEach(u,5,
ilter(,4,
.roles.in,5,
t/htt,4,
riter,2,
nseWrit,5,
fmt.Fpri,8,
ttp.Reques,7,
ers.filter,5,
*http.Request),6,
esponseW,4,
.log(u,4,
tp.Re,5,
dleIn,4,
)).forEach(u,7,
handleI,3,
`${user.name},6,
ttp.Re,6,
user.n,3,
ers(,3,
atUs,3,
sole.log,4,
atUser(use,5,
).forE,3,
ser.name},5,
ttp.Res,6,
etchU,3,
users.filt,4,
.Fprint,5,
min')).forEac,6,
p.R,3,
esponseWriter,6,
rEach(u,5,
s.filt,4,
p.ResponseWrit,9,
es.includes('a,6,
atUser,3,
dmin')).forEac,8,
udes('admin',6,
orE,2,
e.l,3,
matUser(user:,6,
tUser(u,5,
u.ro,4,
fetchUs,5,
fetchUsers,6,
onsole.,4,
dex(w,4,
.Respon,4,
roles.includes,5,
.role,2,
atUser(u,5,
"""fmt""",5,
.forEach(,5,
tp.R,4,
).forEach(u,6,
email}>`,4,
sers.filter,5,
.forEach(u,6,
s('admi,4,
nseWrite,5,
esponseWri,5,
min')).,3,
s('admin')).fo,8,
http.Request,4,
`${user.name,5,
onseWri,4,
fmt.Fprintf(,10,
.Fp,4,
"fmt.Fprintf(w,",12,
ncludes('admin',8,
ser.nam,5,
(u)),3,
net/http,3,
)).forEa,5,
r.name,3,
'admin'),4,
s.includes('ad,7,
user.email,3,
in')).fo,5,
nsole.,4,
.name},3,
ludes('admin,6,
cludes('admin'),7,
.Fpr,5,
.Fprintf(,7,
<${use,3,
ttp.Resp,7,
('admin')),5,
log(u)),4,
orEach(,4,
in')).forEa,6,
in'),2,
les.includes,4,
rs(,3,
(user:,3,
).forEa,4,
roles.incl,5,
les.incl,4,
n')).forEach(,7,
leIndex(w,6,
t.Fprintf(,8,
n')).f,4,
Fprint,4,
tchUser,4,
printf(,3,
Fprintf(w,7,
"%s!""",4,
tf(,3,
rintf(,4,
%s!,3,
r.UR,4,
intf(w,4,
Fprintf(,6,
rintf,3,
"ntf(w,",6,
"s!""",3,
r.URL.Path,7,
"Fprintf(w,",8,
"rintf(w,",6,
ntf(,4,
"f(w,",4,
r.URL.Path[1:,10,
intf,2,
printf(w,4,
.URL,3,
r.URL.Path[1:]),11,
.UR,3,
.URL.Path[1:]),10,
"intf(w,",5,
RL.P,4,
URL.Path,5,
s!,2,
r.URL.,5,
tf(w,4,
r.URL.P,6,
f(w,3,
"%s!"",",4,
RL.Path[,6,
rintf(w,5,
.URL.,4,
.URL.Pat,7,
p.Lis,5,
p.Liste,5,
p.List,3,
p.Li,4,
.Li,3,
.Lis,4,
.Listen,4,
p.ListenAn,7,
p.ListenAndSe,9,
p.ListenA,6,
p.ListenAndS,8,
.ListenAn,6,
.ListenAndS,7,
.ListenAnd,7,
p.ListenAnd,8,
p.ListenAndSer,9,
p.ListenAndServ,9,
p.Listen,5,
.ListenAndSer,8,
.ListenA,5,
ListenAndS,6,
ListenAndSe,7,
ListenAndSer,7,
ListenA,4,
.ListenAndServ,8,
ListenAn,5,
URL.Path[1,7,
.ListenAndSe,8,
.Liste,4,
.ListenAndServe,8,
L.Pa,5,
ListenAnd,6,
L.Pat,5,
"(w,",3,
L.Path[1,6,
.URL.Path[1,8,
L.Path[1:],8,
RL.Path[1,7,
URL.Path[,6,
r.URL,4,
.URL.Path[,7,
intf(,3,
r.URL.Path[1,9,
RL.,3,
r.URL.Pa,8,
.URL.Path[1:,9,
r.URL.Path[,8,
"s!"",",3,
"tf(w,",5,
ListenAndServe,7,
RL.Path[1:,8,
RL.Path,5,
.U,2,
.URL.Path,6,
ListenAndServ,7,
.Pat,4,
RL.Path[1:],9,
.P,2,
r.U,3,
"printf(w,",5,
.URL.P,5,
.Pa,4,
URL.Path[1:,8,
RL.Path[1:]),9,
.Path[1:,6,
URL.Pa,6,
r.URL.Pat,8,
.List,2,
URL.Pat,6,
.URL.Pa,7,
Path[1:,5,
r.URL.Path[1:],11,
.Path[,4,
RL.Pat,6,
.Path[1:],7,
RL.Pa,6,
th[1:,4,
Path[,3,
istenA,3,
L.Path[,5,
L.P,3,
"!"",",2,
ath[1:],6,
URL.,3,
URL.P,4,
L.Path[1:,7,
th[,2,
ath[1:]),6,
ntf(w,5,
Path[1:],6,
ath[,3,
.Path,3,
L.,2,
h[1:,4,
URL.Path[1:],9,
h[1:]),5,
th[1:]),5,
:]),2,
.Path[1:]),7,
h[1,3,
h[,2,
L.Path,4,
.URL.Path[1:],10,
ath[1:,5,
URL.Path[1:]),9,
http.Handl,5,
ListenAndServe(,8,
Path[1:]),6,
ath[1,4,
Path[1,4,
ttp.Ha,7,
h[1:],5,
[1:],4,
istenAn,4,
tp.Ha,6,
http.H,3,
p.HandleF,6,
dleFunc(,6,
ttp.HandleFunc(,11,
th[1,3,
tp.HandleFunc(,10,
p.HandleFun,7,
HandleFunc,6,
leFunc,4,
eFunc,4,
http.Hand,5,
leFu,3,
http.Ha,5,
eFun,3,
".HandleFunc(""",8,
"andleFunc(""/",7,
eFunc(,5,
leFun,3,
Func(,3,
"unc(""",3,
"""/"",",3,
"eFunc(""",5,
ttp.Lis,7,
tp.H,4,
HandleFu,5,
.HandleF,5,
ndleFu,5,
"tp.HandleFunc(""",10,
ttp.ListenA,8,
"andleFunc(""/"",",8,
ttp.HandleFu,9,
ttp.ListenAndS,10,
http.List,3,
ttp.L,5,
ttp.List,5,
"dleFunc(""/"",",8,
"HandleFunc(""/",8,
http.Lis,5,
"HandleFunc(""",7,
eF,2,
tp.ListenAndSer,10,
ttp.Liste,7,
"Func(""/""",5,
p.HandleFunc(,9,
"andleFunc(""",6,
http.Listen,5,
ndleFunc(,7,
"nc(""/",4,
[1:]),4,
ndleFun,5,
ex),3,
ttp.HandleFunc,10,
istenAnd,5,
p.HandleFunc,8,
dleIndex),6,
ttp.ListenAndSe,11,
"Func(""/",4,
unc(,3,
ttp.H,5,
tp.ListenAnd,9,
ttp.Hand,7,
tp.HandleF,7,
tp.Han,5,
"(""/"",",3,
p.Ha,5,
dleFun,4,
tp.ListenA,7,
"eFunc(""/""",7,
ttp.Han,6,
http.ListenA,6,
tp.Lis,6,
tp.HandleFun,8,
http.ListenAnd,8,
"nc(""",3,
leF,2,
"leFunc(""",5,
tp.Handle,6,
tp.ListenAndS,9,
tp.L,4,
tp.Hand,6,
istenAndSe,6,
".HandleFunc(""/""",10,
ttp.Li,6,
ttp.HandleF,8,
andleFunc(,6,
andleF,3,
"ndleFunc(""/""",9,
"eFunc(""/"",",7,
http.Handle,5,
"ndleFunc(""/",8,
andleFun,4,
stenAndS,5,
http.ListenAn,7,
"c(""/",3,
"HandleFunc(""/""",9,
eFu,3,
"leFunc(""/",6,
leIndex),5,
tp.HandleFunc,9,
HandleFunc(,7,
http.HandleFunc,8,
"p.HandleFunc(""",9,
"nc(""/""",5,
.HandleFunc,7,
L.Path[1:]),8,
istenAndSer,6,
tp.ListenAn,8,
"ndleFunc(""/"",",9,
leFunc(,5,
http.Han,4,
th[1:],5,
HandleFun,5,
http.HandleF,6,
eIndex),5,
ndleIndex),7,
"p.HandleFunc(""/",10,
tp.ListenAndSe,10,
"Func(""/"",",5,
http.ListenAndS,8,
"stenAndServe(""",7,
"istenAndServe(""",7,
tp.Liste,6,
"leFunc(""/"",",7,
p.H,3,
http.HandleFun,7,
p.Handl,5,
"andleFunc(""/""",8,
andleIndex),6,
stenA,3,
http.Liste,5,
"eFunc(""/",6,
istenAndServ,6,
"c(""/""",4,
dleF,3,
.HandleFun,6,
tp.Handl,6,
handleIndex),6,
p.L,3,
"dleFunc(""/",7,
.Han,3,
"leFunc(""/""",7,
p.Handle,5,
1:]),3,
.Handle,4,
"nc(""/"",",5,
tenAn,4,
stenAn,4,
p.HandleFu,7,
ttp.ListenAn,9,
http.HandleFu,7,
p.Hand,5,
tp.Li,5,
"c(""",2,
.Path[1,5,
ndex),4,
Index),3,
"unc(""/""",5,
stenAndSe,6,
istenAndS,5,
tenAndSer,6,
tenAndSe,6,
dex),3,
.HandleFu,6,
ttp.Listen,7,
.Ha,4,
Handl,3,
tenAndServ,6,
http.L,3,
andleFu,4,
stenAndServe(,7,
dleFunc,5,
1:],3,
"unc(""/"",",5,
andleFunc,5,
"stenAndServe("":",8,
istenAndServe,6,
ndleFunc,6,
"HandleFunc(""/"",",9,
stenAndServ,6,
tenAndServe,6,
stenAnd,5,
"c(""/"",",4,
ttp.ListenAnd,10,
"dleFunc(""",6,
nc(,3,
"tenAndServe("":8",9,
stenAndServe,6,
enAn,3,
ttp.HandleFun,9,
"enAndServe(""",6,
"tenAndServe("":",8,
ttp.Handle,7,
stenAndSer,6,
tp.List,4,
tenA,3,
enAndServe(,6,
enAndServ,5,
enAndS,4,
tp.HandleFu,8,
"enAndServe("":80",8,
"tenAndServe(""",7,
"Func(""",3,
tp.Listen,6,
ttp.Handl,7,
HandleF,4,
"enAndServe("":",7,
.Hand,4,
"enAndServe("":8",8,
enAndSe,5,
nAndServ,5,
tenAndServe(,7,
enAndSer,5,
enA,2,
nA,2,
nAndServe(,6,
nAndSer,5,
dleFu,4,
enAndServe,5,
nAnd,4,
nAndSe,5,
"unc(""/",4,
nAndServe,5,
nAndS,4,
nAn,3,
"nAndServe("":80",8,
"nAndServe("":808",8,
.HandleFunc(,8,
enAnd,4,
AndSer,4,
"nAndServe("":",7,
"nAndServe("":8",8,
http.Li,4,
"nAndServe(""",6,
"(""/""",3,
ndSe,4,
"AndServe("":80",7,
ndS,3,
ndServe,4,
"ndleFunc(""",7,
p.Han,4,
"dleFunc(""/""",8,
".HandleFunc(""/",9,
.Handl,4,
ndleF,4,
istenAndServe(,7,
tenAnd,5,
tenAndS,5,
"dServe("":8080",7,
"AndServe(""",5,
"ndServe("":808",7,
"ndServe("":8080""",9,
AndSe,4,
dServe(,4,
dS,2,
ndServe(,5,
"dServe(""",4,
AndServe(,5,
Serve(,4,
"erve("":8",5,
"ndServe("":8080",8,
"("":8",3,
"Serve("":808",6,
collections::,3,
collections::H,4,
::col,2,
Map<S,4,
Map<Str,5,
p<S,3,
dSe,3,
"erve("":8080""",7,
:collections::,4,
"rve("":",4,
d::collection,4,
""":8080",3,
"erve("":",4,
""":8080""",4,
llections::Ha,6,
::collections::,4,
ap<Strin,6,
collections:,3,
"Map<String,",5,
:8080,3,
hMap<Strin,7,
ap<S,4,
"ve("":8080",6,
::collec,3,
"("":808",3,
"tring,",3,
ap<Str,5,
AndS,3,
collections::Ha,6,
2>,2,
ections::H,4,
AndServ,4,
"80"",",2,
:80,2,
ollections::Has,6,
:8,2,
"e("":8080"",",6,
":8080"",",4,
ections::Ha,6,
HashMap::ne,7,
"("":",2,
"e("":8080""",6,
"ap<String,",5,
"Serve("":8080",7,
tions::,3,
::collection,3,
"AndServe("":",6,
tions::Has,5,
AndServe,4,
d::colle,4,
tions::HashMa,7,
ctions::HashMap,8,
"e("":8080",5,
HashMap::new(),7,
ions::H,4,
shMap::,4,
ions::HashM,6,
ions::Hash,6,
ons::,3,
ashMap::new();,7,
"ve("":80",5,
"AndServe("":808",7,
"e("":808",4,
i3,2,
"ve(""",3,
lections::Ha,6,
td::collect,4,
"rve("":8080"",",7,
"Serve("":80",6,
shMap::n,5,
"e("":",3,
ns::HashM,6,
Map::,3,
ns::HashMap,7,
ns::HashMap;,8,
shMap:,4,
Map::new,4,
ons::H,4,
"ndServe("":8",7,
"Serve(""",4,
ons::Ha,6,
s::HashMap;,7,
s::Has,4,
ap::ne,5,
erve(,3,
"ve("":8080"",",7,
"ndServe("":",6,
::Has,3,
:collect,3,
::HashM,4,
"8080""",3,
<Strin,4,
""":808",2,
ns::Hash,6,
:HashM,4,
d::collec,4,
:HashMap,5,
HashMap;,5,
ap::new,4,
::new();,3,
p;,2,
"ve("":8",5,
"ve("":",4,
Map<Strin,6,
::collect,3,
""":8",2,
hMap;,4,
"erve("":80",5,
ores:,3,
<Str,3,
new(),2,
::new(),3,
ashMap<St,6,
ions::Ha,6,
HashMap<Stri,8,
hMap<St,5,
HashMap<String,6,
::HashMap;,6,
ashMap::ne,7,
ons::Hash,6,
d::collections,4,
ections:,3,
s::Hash,5,
hMap<String,5,
td::coll,4,
"Serve("":8080"",",8,
std::collection,4,
d::collectio,5,
"shMap<String,",6,
scores.insert(S,7,
w();,2,
std::colle,4,
cores.in,4,
cores.,3,
cores.ins,5,
cores.inse,5,
cores.insert,5,
scores.insert(,6,
cores.i,4,
cores.insert(St,7,
ores.,3,
ores.in,4,
ores.i,4,
ores.inse,5,
ores.insert(,6,
ores.insert,5,
res.in,3,
ores.insert(S,7,
cores.inser,5,
ores.insert(Str,8,
ores.inser,5,
ores.insert(St,7,
p<St,3,
res.insert,4,
res.i,3,
"HashMap<String,",7,
res.inser,4,
::Ha,4,
:H,2,
:Has,3,
res.inse,4,
"80""",2,
:collections,3,
ctions::HashMa,8,
td::collections,4,
ashMap<String,6,
cores.insert(S,7,
"rve(""",3,
shMap<String,5,
Map<String,4,
"dServe("":8080"",",8,
res.insert(,5,
::H,2,
HashMap::new();,7,
"rve("":8080""",7,
res.ins,4,
hMap::new(),6,
ew();,3,
ores.ins,5,
Map::new(),5,
ashMap:,5,
"("":8080"",",5,
std::collec,4,
:collec,3,
p::ne,4,
rve(,3,
"rve("":8080",6,
scores.,3,
::Hash,4,
"("":80",3,
:collectio,4,
"ndServe("":80",7,
tions::H,4,
res.insert(S,6,
cores.insert(,6,
ashMap<Stri,8,
d::collections:,5,
::collecti,4,
ashMap<Str,7,
hMap::new,5,
ons::HashMa,7,
ndSer,4,
ons::HashMap,7,
std::collectio,5,
ections::HashM,6,
:n,2,
:Hash,4,
p::new(),4,
"rve("":808",5,
ew(),3,
tions::HashM,6,
::new(,3,
p::new();,4,
new();,2,
HashMap::,5,
hMap<S,5,
HashMap<,5,
llections:,3,
:ne,3,
d::col,3,
"ve("":808",5,
scores:,3,
p<String,3,
td::colle,4,
std::col,3,
<String,2,
ions::HashMap;,8,
"e("":8",4,
ap;,3,
shMap::new();,6,
td::collection,4,
"Serve("":8",6,
"p<String,",4,
p::new(,4,
ollections:,4,
llections::Hash,6,
hMap::n,5,
td::col,3,
ew(,3,
::HashMap,5,
hMap:,4,
shMap::ne,6,
shMap<Strin,7,
ctions::,4,
s::H,3,
s::Ha,5,
ap<St,4,
<Stri,4,
"e(""",2,
:new,2,
:808,2,
dServ,3,
"erve("":808",5,
hMap<Stri,7,
ollections::,4,
:new(),3,
Map<Stri,6,
ashMap::new(,7,
ections::,3,
w(),2,
res.insert(St,6,
:collection,3,
::coll,3,
:new();,3,
"erve("":8080",6,
td::collectio,5,
tions::Ha,6,
::HashMa,5,
Map::new();,5,
hMap::ne,6,
hMap::new(,6,
"080"",",2,
"dServe("":8080""",8,
shMap<St,5,
lections::H,4,
std::coll,4,
ollections::H,5,
ashMap::new,6,
"ndServe(""",5,
i32>,3,
ctions::Ha,7,
"AndServe("":8080",8,
shMap<Stri,7,
::collectio,4,
:collections::H,5,
ns::H,4,
lections::Hash,6,
scores.inse,5,
ections::Hash,6,
ashMap<,5,
lections::Has,5,
ap::new(),5,
"("":8080""",5,
ons::HashM,6,
dSer,3,
Map<,3,
hMap<Str,6,
es.inse,4,
"ve("":8080""",7,
il),2,
ashMap;,5,
ndServ,4,
:collecti,4,
"rve("":80",5,
ctions:,4,
scores.in,4,
shMap<Str,6,
hMap<,4,
res.insert(Str,7,
ctions::Has,6,
tions::HashMap,7,
p::n,3,
"<String,",3,
::colle,3,
scores.insert,5,
ap<String,4,
ons::HashMap;,8,
::collections:,4,
new(,2,
:coll,3,
ions::,3,
d::collecti,5,
32>,2,
"erve("":8080"",",7,
"ring,",3,
:Ha,4,
ashMap::,5,
Map::n,4,
ashMap<S,6,
s::HashMa,6,
::n,2,
"dServe("":80",6,
p<Strin,5,
lections:,3,
ctions::H,5,
llections::,3,
"AndServe("":8",7,
scores.ins,5,
HashMap<Str,7,
"dServe("":808",6,
::collections,3,
ions::HashMap,7,
ap::,3,
ashMap::n,6,
"Serve("":8080""",8,
std::collect,4,
cores:,3,
::ne,3,
HashMap::n,6,
scores.i,4,
"Serve("":",5,
ctions::HashM,7,
ctions::Hash,7,
tions::Hash,6,
""":80",2,
p<Stri,5,
hMap::new();,6,
d::collect,4,
"8080"",",3,
ap::new();,5,
i32,2,
"hMap<String,",6,
ns::HashMa,7,
shMap<S,5,
d::coll,4,
ns::,3,
ap<Stri,6,
s::HashMap,6,
HashMap<S,6,
:new(,3,
dServe,3,
scores.inser,5,
ions::HashMa,7,
:HashMa,5,
tions::HashMap;,8,
""":8080"",",4,
std::collecti,5,
Map::new(,5,
"rve("":8",5,
llections::H,4,
td::collec,4,
nil),3,
lections::,3,
shMap::new,5,
ap::new(,5,
ns::Has,5,
shMap<,4,
lections::HashM,6,
.insert(String,5,
ollections::Ha,7,
ap::n,4,
"080""",2,
s::HashM,5,
Map<St,4,
:col,2,
HashMap<St,6,
p::new,3,
"dServe("":",5,
:collections:,4,
:HashMap;,6,
"e("":80",4,
p::,2,
HashMap:,5,
Map::ne,5,
HashMap::new(,7,
"dServe("":8",6,
ns::Ha,6,
HashMap::new,6,
":8080""",4,
p<Str,4,
<S,2,
res.insert(Stri,8,
llections::Has,5,
ions::Has,5,
:colle,3,
"("":8080",4,
shMap;,4,
"erve(""",3,
ashMap::new(),7,
hMap::,4,
.insert(St,5,
s.insert(Stri,8,
HashMap<Strin,8,
.insert(Str,6,
"ashMap<String,",7,
shMap::new(),6,
ections::HashMa,7,
::new,2,
s.insert(Str,7,
<St,2,
ections::Has,5,
shMap::new(,6,
ashMap<Strin,8,
ons::Has,5,
insert(Strin,6,
es.insert(S,6,
insert(St,4,
ert(Strin,6,
td::collecti,5,
ert(String::fro,7,
t(S,3,
insert(String,4,
es.insert(,5,
es.ins,4,
sert(String:,5,
nsert(Strin,7,
sert(String::,5,
"om(""Bob""),",7,
rt(String,4,
rt(S,4,
t(St,3,
t(String::from,5,
"(""B",2,
nsert(String,5,
":from(""Bob""",7,
nsert(Stri,7,
"ng::from(""Bob",8,
"""B",2,
rt(Str,5,
(Strin,4,
es.insert(Strin,8,
"ing::from(""Bo",8,
s.insert(St,6,
(String::fr,5,
"::from(""Bo",6,
ert(Stri,6,
es.insert(St,6,
"""Bob"")",5,
"ng::from(""Bo",8,
"rom(""Bob",6,
ert(String,4,
t(String:,4,
"from(""Bo",5,
(Str,3,
"""Bo",4,
"from(""Bob""",6,
"::from(""Bob""",7,
"g::from(""Bob",7,
"ng::from(""Bob""",9,
7);,2,
tring::f,4,
t(String::from(,6,
":from(""Bob""),",8,
(String::from(,5,
"(""Bob",4,
"Bob""",4,
core),2,
tring::from,4,
insert(Str,5,
(String::fro,5,
String::fro,4,
"m(""Bob"")",6,
"ing::from(""Bob""",9,
String::from(,4,
"Bob"")",4,
(nam,3,
"m(""Bob""),",7,
(String:,3,
"om(""Bob"")",6,
"rom(""Bo",6,
sert(Str,5,
":from(""Bo",6,
"om(""B",3,
"(""Bob""",5,
rintln!(,5,
"rintln!(""{}",7,
ing::fr,5,
"println!(""",3,
.insert(Strin,7,
"(""Bob"")",5,
ert(St,4,
intln!(,4,
sert(S,4,
"ring::from(""Ali",8,
"rintln!(""{}:",8,
&sco,3,
"ob""",3,
insert(Stri,6,
"ing::from(""",5,
ring:,3,
ring::fr,5,
tring::fro,5,
s.insert(S,6,
(Stri,4,
g::from,3,
"ring::from(""A",6,
t(Strin,5,
nsert(String::,6,
"rintln!(""{",6,
"b"")",2,
&score,2,
"intln!(""{}:",7,
"m(""Bo",5,
String::fr,4,
ing::fro,5,
"intln!(""",4,
"::from(""Alice",6,
"ng::from(""Bob"")",9,
"ring::from(""Al",7,
nsert(St,5,
":from(""Bob"")",7,
"tln!(""{}",6,
tring:,3,
":from(""B",4,
tring::,3,
&scores,3,
g::fro,4,
(na,2,
"g::from(""Alice""",8,
sert(String::fr,7,
"ntln!(""{}",7,
"Bob""),",5,
ng::,3,
&sc,3,
intln!,3,
"g::from(""A",5,
"m(""",2,
":from(""Alice",6,
"rom(""Bob"")",7,
"ng::from(""Alic",8,
"!(""{",3,
ntln!(,5,
ring::from,4,
ring::f,4,
sert(String,4,
"from(""B",3,
"{}"",",3,
"ob"")",3,
":from(""Alice""",7,
:fr,3,
::from(,3,
:from(,3,
"from(""Alice""",6,
String::f,3,
(name,2,
re);,2,
"from(""Alice""),",7,
"::from(""Alice"")",7,
"""Alic",4,
"m(""A",3,
"tln!(""{}:",7,
n!(,3,
":from(""A",4,
"ntln!(""",5,
"::from(""A",4,
"ln!(""{}",6,
"rom(""Alice""),",8,
"lice""),",4,
stdio.h,5,
.insert(Stri,7,
"rintln!(""",5,
tdio,3,
tring::from(,5,
<stdl,4,
"ing::from(""Ali",8,
"String::from(""B",5,
insert(S,4,
":from(""Alice"")",7,
<stdlib.h>,8,
o.h>,4,
<stdli,4,
<stdlib.,6,
<stdlib.h,7,
stdli,3,
"println!(""{}:",6,
stdlib.h>,7,
stdl,3,
tdli,3,
<stdlib,5,
tdlib,4,
lib.h,4,
tdlib.,5,
stdlib.,5,
dlib.h,5,
ib.h>,5,
tdlib.h,6,
tdlib.h>,7,
dlib.,4,
stdlib.h,6,
dlib,3,
dlib.h>,6,
::fr,3,
ib.,3,
ib.h,4,
"ice"")",3,
lib.h>,5,
5);,2,
ring::,3,
"ng::from(""",5,
b.h>,4,
"!(""",2,
"println!(""{}",5,
"::from(""Bob"")",7,
"ln!(""{",5,
"tring::from(""B",6,
"Alice""),",5,
stdio.h>,6,
"ring::from(""B",6,
95),2,
"""Alice"")",5,
tring::fr,5,
Alic,3,
stdi,3,
"om(""Alice""),",7,
":from(""",3,
ln!(,4,
rt(String::fro,7,
ring::fro,5,
"{}""",3,
rintl,3,
intln,2,
::fro,3,
"rom(""Ali",6,
n!,2,
"tring::from(""A",6,
es.insert(Stri,8,
rt(St,4,
"(name,",3,
"""Al",3,
"(""Al",3,
"(""{}",3,
"from(""Ali",5,
"from(""Al",4,
"::from(""Al",5,
t(Stri,5,
"(""Bob""),",6,
"""{}:",4,
rt(String::from,6,
ert(Str,5,
:fro,3,
"ng::from(""Al",7,
&scor,3,
"m(""Bob",5,
"!(""{}",4,
":from(""Ali",6,
t(String::fr,6,
nsert(String::f,7,
&s,2,
rt(String:,5,
"from(""A",3,
from(,2,
ert(String::fr,7,
<stdio.h,6,
"om(""",2,
"Alice""",4,
"tln!(""{",5,
(String::from,4,
"intln!(""{}",6,
"om(""Ali",5,
ing::from,4,
"String::from(""A",5,
"n!(""{",4,
rintln!,4,
insert(String::,5,
"""Bob""),",6,
ng::f,4,
"n!(""{}:",6,
"g::from(""Ali",7,
"n!(""",3,
"::from(""Ali",6,
b.h,3,
":from(""Bob",6,
"tln!(""",4,
"m(""Bob""",6,
":from(""Alic",6,
String::from,3,
insert(String:,5,
g::fr,4,
ng::fro,5,
"m(""Alice""",6,
es.insert,4,
87),2,
"om(""Alic",5,
"ing::from(""B",6,
"ng::from(""B",6,
"""Alice""),",6,
.insert(S,5,
87);,2,
"(""Alice""),",6,
ing::from(,5,
"rom(""B",4,
nsert(String:,6,
t(String::,4,
sert(Strin,6,
ntln,3,
tdio.h>,6,
"::from(""Alice""",7,
<stdi,4,
"from(""",2,
"String::from(""",4,
":from(""Al",5,
s.insert(String,6,
t(String::f,5,
(St,2,
<stdio.h>,7,
"from(""Bob""),",7,
"om(""Alice""",6,
"ln!(""{}:",7,
"om(""Bo",5,
(String::f,4,
ntln!,4,
"m(""Alice""),",7,
println!(,3,
"om(""Alice"")",6,
sert(Stri,6,
"rom(""A",4,
ore),3,
tdio.h,5,
"om(""Bob",5,
"rom(""",3,
"""Alice""",5,
t(String::fro,6,
"ring::from(""Bo",8,
"rom(""Alice",6,
"from(""Bob",5,
dio.h,4,
"""{}",3,
"om(""A",3,
tdio.,4,
score);,2,
tln!,3,
"::from(""B",4,
"rom(""Bob""",7,
"g::from(""Bob"")",8,
"::from(""Alic",6,
g::f,3,
"g::from(""Bob""),",9,
ert(String::,5,
rt(String::,5,
core);,2,
t(Str,4,
"(""Alic",4,
dio.h>,5,
{}:,3,
"Alice"")",4,
g::,2,
es.insert(Str,7,
(String::,3,
string.h>,4,
ng::from(,5,
"(""Alice"")",5,
"ing::from(""Alic",8,
sert(St,4,
"ng::from(""A",6,
<stri,3,
"from(""Alice",5,
"(String::from(""",5,
"""Ali",4,
"ing::from(""Bob",8,
ring::from(,5,
"ice""),",4,
ln!,3,
ing::f,4,
"::from(""Bob",6,
printl,2,
"ntln!(""{}:",8,
rintln,3,
"rom(""Al",5,
"""Bob",4,
"m(""Alice"")",6,
<string.,3,
"""Alice",4,
"ing::from(""A",6,
<stdio.,5,
"ntln!(""{",6,
"rom(""Alice""",7,
tln!(,4,
<string,2,
"om(""Bob""",6,
::from,2,
"m(""B",3,
"from(""Alice"")",6,
"n!(""{}",5,
"rom(""Alic",6,
"om(""Al",4,
"g::from(""Bo",7,
es.inser,4,
"tring::from(""",5,
score),2,
"m(""Ali",5,
":from(""Alice""),",8,
"ob""),",4,
"ring::from(""Bob",8,
(String,2,
"rom(""Alice"")",7,
"ring::from(""",5,
"intln!(""{",5,
rt(String::f,6,
"ng::from(""Ali",8,
"g::from(""Alice",7,
"rom(""Bob""),",8,
"(""Bo",4,
95);,2,
"g::from(""Alic",7,
"tring::from(""Bo",8,
"""Bob""",5,
rom(,3,
"ce""),",4,
"::from(""Bob""),",8,
"lice"")",3,
"(""{}:",4,
"from(""Alic",5,
<stdio,4,
t(String,3,
ng::fr,5,
nsert(S,5,
io.h>,4,
g.h>,4,
g::from(,4,
ert(String::f,6,
"from(""Bob"")",6,
ing.h,4,
e);,2,
ompare(,4,
"::from(""",3,
<strin,3,
ing::,3,
"m(""Alice",5,
ng.h>,5,
"e""),",3,
"tring::from(""Al",7,
"(""Ali",4,
"m(""Al",4,
o.h,3,
"m(""Alic",5,
rt(Strin,6,
mpare(c,5,
"(""Alice""",5,
ing.h>,5,
"println!(""{",4,
ore);,3,
"(""Alice",4,
io.h,3,
compare(c,4,
dio.,3,
"ng::from(""Alice",8,
"ing::from(""Al",7,
ompare(co,5,
tring.h,4,
rt(String::fr,7,
pare(cons,5,
string.h,3,
:from,2,
"ce"")",3,
sert(String::f,6,
"b""),",3,
ng::from,4,
ert(S,4,
ert(String:,5,
"g::from(""Al",6,
.insert(String:,6,
String::,2,
rt(Stri,6,
"g::from(""",4,
<string.h,4,
ompare(const,5,
"ln!(""",4,
"g::from(""Bob""",8,
"om(""Alice",5,
nsert(Str,6,
"g::from(""B",5,
"!(""{}:",5,
<string.h>,5,
mpare(const,5,
stdio.,4,
s.insert(Strin,8,
mpare(co,5,
pare(con,4,
"argc,",3,
fprint,3,
are(co,3,
pare(,3,
are(,2,
pare(co,4,
compare(cons,5,
mpare(con,5,
UM(o.total,6,
fprintf(stderr,8,
UM(o.tota,7,
*argv[,4,
f(stderr,5,
printf(st,4,
(std,2,
M(o.,4,
re(con,3,
der_count,3,
b;,2,
er_cou,4,
gv[]),4,
f(stder,4,
f(std,3,
*ar,3,
der_cou,4,
"derr,",3,
*argv[],5,
*)b;,4,
r_count,3,
rintf(stderr,7,
printf(s,4,
der_co,3,
"""Usag",4,
"""Usage",4,
er_coun,4,
n(int,3,
main(in,3,
pare(c,4,
"fprintf(stderr,",9,
M(o.total),6,
rintf(st,5,
fprintf(stder,7,
<nu,3,
intf(st,4,
total_s,3,
"""Usage:",5,
nums>,3,
nums>\n,5,
UM(,3,
intf(stderr,6,
otal),3,
"nums>\n""",6,
"ntf(stderr,",8,
gv[],4,
"tf(stderr,",7,
SUM(o,5,
Usag,3,
SUM(o.to,7,
total_sp,4,
ntf(std,5,
v[],3,
">\n""",4,
argv[0],5,
s>\n,4,
tal_spen,5,
ompare(con,5,
argv[0]),5,
UM(o.t,6,
gv[0],5,
UM(o,4,
rgv[0]);,7,
argv[0,4,
r_cou,4,
v[0]),4,
[0]);,4,
(o.tota,5,
ELECT,4,
ms>\,4,
n(i,3,
in(i,3,
al_s,3,
u.n,3,
COUNT(o.i,8,
UM(o.,5,
OUNT(,5,
UM(o.total),7,
">\n"",",4,
OUNT(o.id),9,
COUNT(,5,
total_spen,4,
.us,2,
"er_count,",4,
)b;,3,
o.us,3,
UNT(o,5,
LEF,3,
UNT(o.i,7,
T(o.,4,
NT(o.id),7,
total_spent,4,
*(i,3,
"gc,",3,
u.create,3,
tal_s,4,
s>\,3,
u.cre,4,
OUNT(o,6,
"stderr,",4,
order_c,3,
order_count,3,
ELEC,4,
"s>\n""",5,
rder_count,4,
al_spent,4,
u.created_a,5,
*(in,3,
SELEC,4,
tf(s,4,
.created,2,
ain(in,4,
order_co,3,
al_spen,4,
total_spe,4,
order_cou,4,
are(con,3,
o.user_,4,
fprintf(stde,7,
"f(stderr,",6,
fprintf(st,6,
OUNT(o.,7,
er_co,3,
o.u,3,
<nums>\n,6,
ntf(stderr,7,
order_coun,4,
.tota,3,
M(o,3,
reated_a,4,
e(co,3,
otal_spent,5,
ated_,3,
_spe,3,
(o.t,4,
v[]),3,
.use,2,
o.id),4,
rgv[0],6,
SELE,3,
ng.h,4,
gv[0]);,6,
<num,2,
ums>\n,5,
are(const,3,
.created_a,4,
o.user_id,5,
ms>\n,5,
otal_spe,5,
COUNT(o.id,8,
e(const,3,
"ount,",3,
(argc,3,
o.user,3,
<n,2,
.user,2,
o.i,3,
'2024,3,
mpare(,4,
(o.total),5,
fprin,3,
are(cons,4,
)a,2,
ums>,3,
in(in,3,
2024-,3,
024-01-,4,
(o.id,4,
024-0,3,
*argv,3,
024-,2,
024-01-0,5,
24-,2,
24-0,3,
024-01,3,
024-01-01,5,
24-01,3,
24-01-01,5,
WHE,3,
-01-01',5,
4-01-0,5,
24-01-0,5,
24-01-01',6,
4-01,3,
024-01-01',6,
4-01-,4,
01-0,3,
01-,2,
01-01',4,
4-01-01',6,
1-0,3,
4-01-01,5,
24-01-,4,
u.name,3,
4-0,3,
01-01,3,
-01-0,4,
-01-01,4,
-01',3,
1-01,3,
'2024-01-0,7,
u.c,3,
.create,2,
v[0],4,
.cr,3,
1-01',4,
l_s,3,
'2024-01-01',8,
l_spe,4,
ntf(s,5,
are(c,3,
rder_,3,
SUM(o.tot,8,
'2024-0,5,
UM(o.to,6,
tal_sp,5,
l_spen,4,
sage:,3,
.created_,3,
".id,",3,
SUM(,4,
o.tot,4,
gv[0,4,
_spen,3,
argv[],4,
fprintf(,5,
<nums>,4,
o.user_i,5,
rgv[]),5,
r_coun,4,
u.creat,4,
ed_a,4,
l_sp,4,
01',2,
compare(con,4,
created_a,3,
der_,2,
(o.tot,5,
0]);,3,
printf(stder,5,
UNT(,4,
*)a,3,
nums>\,4,
rintf(s,5,
printf(stde,5,
otal_s,4,
er_count,3,
(o.total,4,
NT(o,4,
ain(int,4,
-01-,3,
compare(co,4,
"ums>\n"",",6,
rgv[0,5,
ated_at,4,
"ums>\n""",6,
ompare,3,
total),2,
COUNT(o.,7,
M(o.t,5,
tderr,3,
2024-01-,5,
intf(s,4,
d_at,3,
'20,2,
NT(o.,5,
ntf(stder,6,
*(int,3,
"unt,",3,
'2024-,4,
.cre,3,
u.cr,4,
"*a,",3,
f(s,3,
reated_,3,
.user_,3,
'2,2,
*)b,3,
2024-01,4,
"r_count,",4,
2024-0,4,
ated_a,4,
tder,2,
tf(stder,5,
f(stde,4,
r_co,3,
rders,2,
u.crea,4,
"s>\n"",",5,
"(stderr,",5,
'2024-01-,6,
*argv[]),5,
ntf(st,5,
T(o.id),6,
tf(stde,5,
o.tota,4,
re(const,3,
*b,2,
2024-01-01,6,
.crea,3,
.tot,3,
JOI,3,
created_at,3,
"nums>\n"",",6,
OUNT(o.i,8,
ms>,3,
'2024-01,5,
HAVING,4,
"_count,",3,
Usa,3,
M(o.tot,6,
ain(i,4,
ompare(c,5,
[0]),3,
rder_c,4,
eated_a,4,
l_spent,4,
rgv[],5,
rintf(stde,6,
"""Us",3,
WHER,3,
"intf(stderr,",7,
NT(o.i,6,
otal_spen,5,
e(con,3,
.creat,3,
o.t,3,
(stder,3,
100;,2,
_at,2,
(stderr,4,
in(int,3,
v[0]);,5,
"<nums>\n""",7,
".name,",3,
n(in,3,
UNT(o.id,7,
"tderr,",4,
ums>\,4,
ed_at,4,
pare(const,4,
OIN,3,
intf(stde,5,
intf(std,4,
o.use,3,
"der_count,",4,
UNT(o.id),8,
<nums>\,5,
.total,2,
2024-01-01',7,
SUM(o.,6,
rder_co,4,
tal),3,
SUM(o.tota,8,
ntf(stde,6,
T(o.id,5,
1',2,
intf(stder,5,
der_coun,4,
order_,2,
tf(st,4,
'202,2,
tf(stderr,6,
o.total),4,
UNT(o.,6,
argv[0]);,6,
.total),3,
M(o.total,5,
ge:,3,
rder_coun,5,
f(st,3,
M(o.to,5,
UM(o.tot,7,
created_,2,
o.total,3,
al_spe,4,
rintf(stder,6,
fprintf(s,6,
rintf(std,5,
"<nums>\n"",",7,
rgv[0]),6,
.id),3,
(o.to,4,
argv[]),4,
printf(stderr,6,
(o.id),5,
eated_,3,
HAVIN,5,
u.na,3,
AVING,3,
eated_at,4,
"rintf(stderr,",8,
NT(o.id,6,
.user_i,4,
>\n,3,
"ms>\n""",6,
OUNT(o.id,8,
<nums,3,
reated_at,4,
Usage:,4,
u.nam,4,
der_c,3,
tal_spe,5,
"u.name,",4,
2024-01-0,6,
tring.h>,5,
fprintf(std,6,
o.to,3,
(stde,3,
"""name",2,
*b),3,
re(c,3,
tf(std,4,
stder,2,
al_sp,4,
"order_count,",4,
compare(,3,
M(o.tota,6,
ring.h,4,
u.created,3,
compare(const,4,
ted_at,4,
re(cons,4,
M(,2,
main(int,3,
re(co,3,
(o.i,4,
u.created_,4,
"rgc,",4,
main(i,3,
LIMI,4,
"ame""",3,
)b,2,
FRO,3,
.user_id,4,
"rr,",3,
COUNT(o,6,
mpare,3,
*arg,3,
mpare(cons,6,
g.h,3,
ted_a,4,
"u.id,",4,
_spent,3,
"""claude-t",5,
fpri,3,
e(cons,4,
GROU,3,
otal_sp,5,
T(o.i,5,
rder_cou,5,
"rder_count,",5,
HAVI,4,
SUM(o.total,7,
"ms>\n"",",6,
SUM(o.total),8,
"printf(stderr,",7,
SUM(o.t,7,
id),2,
COUNT(o.id),9,
gv[0]),5,
"""Usa",4,
ring.h>,5,
tal_spent,5,
"""claude-to",5,
RDE,3,
'2024-01-01,7,
ORDE,4,
ROU,3,
.created_at,4,
ompare(cons,6,
printf(std,4,
"""na",2,
claude-to,4,
EFT,3,
u.created_at,5,
aude-tokeniz,8,
"""name"":",3,
laude-token,4,
aude-tok,5,
claude-tok,5,
"""claude-tokeniz",9,
laude-tokenize,7,
claude-tokeni,7,
"""claude-tokeni",8,
OUP,3,
aude-to,4,
ude-tok,5,
"""claude-token",5,
"name"":",2,
IMI,3,
VIN,3,
laude-tokeniz,8,
e-tokenizer,7,
ude-tokenizer,8,
descript,2,
"e-tokenizer""",8,
de-tokenize,6,
de-tokeni,6,
VING,2,
00;,2,
descrip,3,
"""descriptio",5,
aude-tokenizer,8,
"scription""",3,
AVIN,4,
"aude-tokenizer""",9,
"kenizer"",",5,
"-tokenizer""",7,
"cription"":",3,
escriptio,4,
escripti,3,
aude-tokenize,7,
"ude-tokenizer"",",9,
"iption"":",3,
"e-tokenizer"",",8,
de-toke,4,
"izer"",",3,
offli,2,
"""version",2,
e-tokeniz,7,
ffline,3,
offl,2,
