################,1,
 description ,1,
 government ,1,
 california ,1,
 university ,1,
 population ,1,
 References ,1,
 application ,1,
established ,1,
references ,1,
 California ,1,
caracter\xedsticas,1,
 character ,1,
 important ,1,
information ,1,
 published ,1,
 following ,1,
application ,1,
association ,1,
 established ,1,
 production ,1,
 references ,1,
 department ,1,
California ,1,
background ,1,
 According ,1,
 background ,1,
 University ,1,
 including ,1,
informaci\xf3n,1,
 household ,1,
 components ,1,
 president ,1,
 component ,1,
References ,1,
production ,1,
components ,1,
 described ,1,
 education ,1,
households ,1,
 September ,1,
 according ,1,
 community ,1,
 association ,1,
california ,1,
 management ,1,
development ,1,
 President ,1,
population ,1,
 information ,1,
 political ,1,
 development ,1,
 television ,1,
management ,1,
 available ,1,
 households ,1,
government ,1,
 container ,1,
\xa0\xa0\xa0\xa0\xa0\xa0\xa0\xa0\xa0\xa0\xa0\xa0\xa0\xa0\xa0\xa0,1,
 different ,1,
University ,1,
department ,1,
 something ,1,
 september ,1,
 American ,1,
 District ,1,
 December ,1,
 European ,1,
 Fran\xe7ois ,1,
 National ,1,
 Divisi\xf3n ,1,
university ,1,
 building ,1,
 Gonz\xe1lez ,1,
 External ,1,
 download ,1,
 cr\xe9ation ,1,
 February ,1,
 Hist\xf3ria ,1,
 football ,1,
 features ,1,
 category ,1,
 american ,1,
 forr\xe1sok ,1,
description ,1,
 families ,1,
 director ,1,
 fran\xe7ais ,1,
 european ,1,
 function ,1,
 although ,1,
 localit\xe0 ,1,
 division ,1,
 february ,1,
 included ,1,
 district ,1,
 november ,1,
 external ,1,
 national ,1,
 espa\xf1ola ,1,
 November ,1,
 document ,1,
 material ,1,
 password ,1,
 na\u021bional ,1,
 override ,1,
 hist\xf3ria ,1,
 business ,1,
 children ,1,
 podru\u010dju ,1,
 esgl\xe9sia ,1,
 premi\xe8re ,1,
 pol\xedtica ,1,
 hist\xf2ria ,1,
 original ,1,
television ,1,
 divisi\xf3n ,1,
 products ,1,
 military ,1,
 december ,1,
 official ,1,
 database ,1,
 location ,1,
 position ,1,
 pol\xedtico ,1,
 pel\xedcula ,1,
 register ,1,
 language ,1,
 question ,1,
 research ,1,
 required ,1,
 template ,1,
 training ,1,
 province ,1,
 security ,1,
 \u043d\u0430\u043f\u0440\u0438\u043c\u0435\u0440 ,1,
 \u043d\u0430\u0437\u0432\u0430\u043d\u0438\u0435 ,1,
 students ,1,
available ,1,
 software ,1,
 \u0411\u044a\u043b\u0433\u0430\u0440\u0438\u044f ,1,
 response ,1,
 username ,1,
 \xa0\xa0\xa0\xa0\xa0\xa0\xa0\xa0 ,1,
September ,1,
 released ,1,
described ,1,
 received ,1,
including ,1,
 election ,1,
 together ,1,
something ,1,
president ,1,
President ,1,
 College ,1,
different ,1,
 property ,1,
 services ,1,
important ,1,
 British ,1,
 England ,1,
published ,1,
community ,1,
According ,1,
 \u044f\u0432\u043b\u044f\u0435\u0442\u0441\u044f ,1,
september ,1,
 township ,1,
 America ,1,
following ,1,
container ,1,
 January ,1,
 Am\xe9rica ,1,
household ,1,
 However ,1,
 Ant\xf3nio ,1,
 African ,1,
 General ,1,
 English ,1,
component ,1,
political ,1,
according ,1,
 Rom\xe2nia ,1,
 License ,1,
 History ,1,
 Tambi\xe9n ,1,
education ,1,
character ,1,
R\xe9publique,1,
 William ,1,
 M\xfcnchen ,1,
 October ,1,
 african ,1,
 account ,1,
 already ,1,
 america ,1,
 address ,1,
 article ,1,
 atrav\xe9s ,1,
 against ,1,
 another ,1,
 century ,1,
 ch\xe2teau ,1,
 console ,1,
 control ,1,
 command ,1,
 content ,1,
 current ,1,
 created ,1,
 despr\xe9s ,1,
 average ,1,
 because ,1,
 b\xf6rjade ,1,
 esgl\xe9sia,1,
 element ,1,
 aceast\u0103 ,1,
 android ,1,
 english ,1,
 density ,1,
 donn\xe9es ,1,
 company ,1,
 central ,1,
 despu\xe9s ,1,
 college ,1,
 espa\xf1ol ,1,
 c\xe9lulas ,1,
 express ,1,
 context ,1,
 default ,1,
 country ,1,
 f\xe9vrier ,1,
 between ,1,
 febru\xe1r ,1,
 british ,1,
 fam\xedlia ,1,
 history ,1,
 england ,1,
 install ,1,
 females ,1,
 details ,1,
 funci\xf3n ,1,
 g\xe9n\xe9ral ,1,
 forr\xe1sok,1,
 example ,1,
 display ,1,
 january ,1,
 anv\xe4nds ,1,
 general ,1,
 library ,1,
 include ,1,
 further ,1,
 kt\xf3rych ,1,
 license ,1,
 however ,1,
 located ,1,
 married ,1,
 million ,1,
 council ,1,
 localit\xe0,1,
 na\u021bional,1,
 message ,1,
 members ,1,
 omr\xe5det ,1,
 n\xfameros ,1,
 network ,1,
 private ,1,
 process ,1,
 pozd\u011bji ,1,
 october ,1,
 players ,1,
 package ,1,
 project ,1,
 p\xe9riode ,1,
 options ,1,
 per\xedodo ,1,
 request ,1,
 println ,1,
 release ,1,
 product ,1,
 r\xf3wnie\u017c ,1,
 session ,1,
 society ,1,
 program ,1,
 station ,1,
 related ,1,
 several ,1,
 running ,1,
 present ,1,
 st\xf6rsta ,1,
 special ,1,
 started ,1,
 species ,1,
 service ,1,
 support ,1,
 section ,1,
 st\xf8rste ,1,
 p\xfablico ,1,
 tako\u0111er ,1,
 student ,1,
 results ,1,
 syst\xe8me ,1,
 soci\xe9t\xe9 ,1,
 website ,1,
 science ,1,
 s\xe5ledes ,1,
 written ,1,
 western ,1,
 records ,1,
 william ,1,
 t\xe9rmino ,1,
 tambi\xe9n ,1,
 qu\xedmica ,1,
 \xa0 \xa0 \xa0 \xa0 ,1,
 success ,1,
 zosta\u0142a ,1,
 require ,1,
 through ,1,
 working ,1,
 societ\xe0 ,1,
 village ,1,
 \xeenceput ,1,
 \u0411\u044a\u043b\u0433\u0430\u0440\u0438\u044f,1,
 \u0423\u043a\u0440\u0430\u0457\u043d\u0438 ,1,
 \u0438\u0441\u0442\u043e\u0440\u0438\u044f ,1,
 w\xe4hrend ,1,
American ,1,
 \xa0\xa0\xa0\xa0\xa0\xa0\xa0 ,1,
European ,1,
 \u043e\u0431\u043b\u0430\u0441\u0442\u0438 ,1,
December ,1,
 \u0441\u043e\u0431\u044b\u0442\u0438\u044f ,1,
District ,1,
 \u0441\u0438\u0441\u0442\u0435\u043c\u0430 ,1,
 various ,1,
 \u0418\u0441\u0442\u043e\u0440\u0438\u044f ,1,
 \u043e\u0431\u043b\u0430\u0441\u0442\u0456 ,1,
 \u043e\u0431\u043b\u0430\u0441\u0442\u044c ,1,
External ,1,
February ,1,
although ,1,
business ,1,
american ,1,
building ,1,
Gonz\xe1lez ,1,
Rep\xfablica,1,
director ,1,
Hist\xf3ria ,1,
document ,1,
Fran\xe7ois ,1,
Divisi\xf3n ,1,
divisi\xf3n ,1,
download ,1,
december ,1,
 \u043a\u043e\u0442\u043e\u0440\u044b\u0439 ,1,
children ,1,
election ,1,
european ,1,
external ,1,
November ,1,
district ,1,
National ,1,
database ,1,
features ,1,
february ,1,
category ,1,
 \u0421\u043e\u0431\u044b\u0442\u0438\u044f ,1,
fran\xe7ais ,1,
cr\xe9ation ,1,
forr\xe1sok ,1,
division ,1,
families ,1,
football ,1,
fran\xe7aise,1,
hist\xf2ria ,1,
hist\xf3ria ,1,
 without ,1,
localit\xe0 ,1,
esgl\xe9sia ,1,
included ,1,
material ,1,
f\xfcggetlen,1,
military ,1,
language ,1,
national ,1,
 version ,1,
espa\xf1ola ,1,
november ,1,
location ,1,
original ,1,
override ,1,
official ,1,
products ,1,
function ,1,
pol\xedtico ,1,
pol\xedtica ,1,
premi\xe8re ,1,
position ,1,
property ,1,
podru\u010dju ,1,
password ,1,
pel\xedcula ,1,
poblaci\xf3n,1,
received ,1,
released ,1,
na\u021bional ,1,
register ,1,
required ,1,
response ,1,
township ,1,
training ,1,
\u043d\u0430\u043f\u0440\u0438\u043c\u0435\u0440 ,1,
\u043d\u0430\u0437\u0432\u0430\u043d\u0438\u0435 ,1,
\xe9galement,1,
p\u0159edev\u0161\xedm,1,
question ,1,
tal\xe1lhat\xf3,1,
software ,1,
 County ,1,
 Garc\xeda ,1,
\u044f\u0432\u043b\u044f\u0435\u0442\u0441\u044f ,1,
services ,1,
 London ,1,
 German ,1,
 August ,1,
template ,1,
 Istv\xe1n ,1,
\u0411\u044a\u043b\u0433\u0430\u0440\u0438\u044f ,1,
\xa0\xa0\xa0\xa0\xa0\xa0\xa0\xa0 ,1,
 M\xe9xico ,1,
 L\xe1szl\xf3 ,1,
together ,1,
 During ,1,
 Espa\xf1a ,1,
security ,1,
 France ,1,
 French ,1,
 Fran\xe7a ,1,
 George ,1,
 People ,1,
 String ,1,
 League ,1,
username ,1,
 United ,1,
students ,1,
 States ,1,
 System ,1,
 across ,1,
 active ,1,
 access ,1,
 action ,1,
 School ,1,
 adem\xe1s ,1,
 ann\xe9es ,1,
 always ,1,
 become ,1,
 became ,1,
 best\xe5r ,1,
 course ,1,
province ,1,
 cz\u0119\u015bci ,1,
research ,1,
 before ,1,
 append ,1,
 button ,1,
 author ,1,
 c\xf3digo ,1,
 Belgi\xeb ,1,
 double ,1,
 design ,1,
 define ,1,
 dr\u017eave ,1,
 create ,1,
 dr\u017eava ,1,
 august ,1,
 device ,1,
 either ,1,
 d\xe9cada ,1,
 around ,1,
 d\xe9put\xe9 ,1,
 django ,1,
 export ,1,
 events ,1,
 format ,1,
 father ,1,
 french ,1,
 former ,1,
 france ,1,
 george ,1,
 f\xf6rsta ,1,
 except ,1,
 f\xedsica ,1,
 during ,1,
 family ,1,
 cz\u0119sto ,1,
 global ,1,
 fun\xe7\xe3o ,1,
 exist\u0103 ,1,
 google ,1,
 g\xe9nero ,1,
 german ,1,
 having ,1,
 height ,1,
 images ,1,
 in\xedcio ,1,
 import ,1,
 income ,1,
 future ,1,
 kt\xf3rej ,1,
 living ,1,
 k\xf6z\xf6tt ,1,
 github ,1,
 median ,1,
 length ,1,
 little ,1,
 k\xf6nnen ,1,
 female ,1,
 league ,1,
 f\xf8rste ,1,
 module ,1,
 center ,1,
 catal\xe0 ,1,
 config ,1,
 change ,1,
 months ,1,
 master ,1,
 mi\u0119dzy ,1,
 common ,1,
 island ,1,
 m\xe9todo ,1,
 called ,1,
 births ,1,
 border ,1,
 number ,1,
 models ,1,
 market ,1,
 object ,1,
 office ,1,
 county ,1,
 london ,1,
 omr\xe5de ,1,
 others ,1,
 m\xfasica ,1,
 career ,1,
 output ,1,
 better ,1,
 n\xfamero ,1,
 native ,1,
 census ,1,
 obdob\xed ,1,
 header ,1,
 b\xf6rjan ,1,
 params ,1,
 people ,1,
 online ,1,
 pa\xedses ,1,
 church ,1,
 febru\xe1r,1,
 person ,1,
 player ,1,
 played ,1,
 pa\xefsos ,1,
 member ,1,
 client ,1,
 health ,1,
 option ,1,
 pozd\u011bji,1,
 please ,1,
 places ,1,
 p\xe1gina ,1,
 police ,1,
 public ,1,
 random ,1,
 record ,1,
 points ,1,
 p\xf3\u017aniej,1,
 making ,1,
 izme\u0111u ,1,
 column ,1,
 really ,1,
 render ,1,
 method ,1,
 result ,1,
 return ,1,
 review ,1,
 python ,1,
 router ,1,
 report ,1,
 regi\xf3n ,1,
 search ,1,
 should ,1,
 regi\xe3o ,1,
 served ,1,
 select ,1,
 series ,1,
 r\xe9gion ,1,
 season ,1,
 period ,1,
 square ,1,
 script ,1,
 status ,1,
 second ,1,
 system ,1,
 server ,1,
 target ,1,
 s\xe9culo ,1,
 region ,1,
 school ,1,
 united ,1,
 within ,1,
 static ,1,
 trav\xe9s ,1,
 things ,1,
 though ,1,
 sp\xe4ter ,1,
 update ,1,
 tamb\xe9m ,1,
 \xc1frica ,1,
 street ,1,
 zosta\u0142 ,1,
 t\xedtulo ,1,
 situ\xe9e ,1,
 window ,1,
 \u017eivota ,1,
 \u0420\u043e\u0441\u0441\u0438\u0438 ,1,
 \xfaltima ,1,
 source ,1,
 \u0433\u043e\u0440\u043e\u0434\u0430 ,1,
 \u0430\u0432\u0433\u0443\u0441\u0442 ,1,
 \u0434\u0440\u0443\u0433\u0438\u0445 ,1,
 \xe9glise ,1,
 single ,1,
 states ,1,
 \u043f\u0435\u0440\u0438\u043e\u0434 ,1,
 \u0433\u0440\u0430\u0444\u0438\u043a ,1,
 \u0433\u043e\u0434\u0438\u043d\u0435 ,1,
 \u0440\u0430\u0439\u043e\u043d\u0430 ,1,
 \u0433\u043e\u0434\u0438\u043d\u0438 ,1,
 \u0433\u043e\u0434\u0438\u043d\u0430 ,1,
 values ,1,
 \u0441\u043f\u0438\u0441\u043e\u043a ,1,
 \u044f\u043d\u0432\u0430\u0440\u044f ,1,
 st\xf6rre ,1,
Ant\xf3nio ,1,
 string ,1,
 \u043f\u0440\u043e\u0442\u0438\u0432 ,1,
British ,1,
 \u043e\u0431\u043b\u0430\u0441\u0442 ,1,
 \u0442\u043e\u043b\u044c\u043a\u043e ,1,
 \xfaltimo ,1,
 \xe9tudes ,1,
 social ,1,
 \xa0\xa0\xa0\xa0\xa0\xa0\xa0,1,
England ,1,
 st\xf8rre ,1,
Am\xe9rica ,1,
 \u043f\u0430\u043c\u044f\u0442\u044c ,1,
History ,1,
College ,1,
Divisi\xf3n,1,
License ,1,
M\xfcnchen ,1,
Rom\xe2nia ,1,
Tambi\xe9n ,1,
English ,1,
General ,1,
Hist\xf3ria,1,
african ,1,
aceast\u0103 ,1,
January ,1,
already ,1,
America ,1,
October ,1,
android ,1,
because ,1,
another ,1,
William ,1,
british ,1,
anv\xe4nds ,1,
company ,1,
account ,1,
console ,1,
america ,1,
ch\xe2teau ,1,
context ,1,
between ,1,
cr\xe9ation,1,
c\xe9lulas ,1,
control ,1,
college ,1,
default ,1,
created ,1,
council ,1,
density ,1,
average ,1,
current ,1,
despr\xe9s ,1,
b\xf6rjade ,1,
address ,1,
display ,1,
divisi\xf3n,1,
atrav\xe9s ,1,
central ,1,
details ,1,
command ,1,
despu\xe9s ,1,
article ,1,
African ,1,
However ,1,
century ,1,
england ,1,
express ,1,
fam\xedlia ,1,
funci\xf3n ,1,
f\xe9vrier ,1,
females ,1,
esgl\xe9sia,1,
forr\xe1sok,1,
fran\xe7ais,1,
febru\xe1r ,1,
general ,1,
include ,1,
hist\xf3ria,1,
g\xe9n\xe9ral ,1,
however ,1,
element ,1,
espa\xf1ola,1,
install ,1,
january ,1,
kt\xf3rych ,1,
espa\xf1ol ,1,
hist\xf2ria,1,
content ,1,
history ,1,
localit\xe0,1,
married ,1,
donn\xe9es ,1,
country ,1,
message ,1,
network ,1,
against ,1,
located ,1,
na\u021bional,1,
members ,1,
million ,1,
package ,1,
n\xfameros ,1,
omr\xe5det ,1,
per\xedodo ,1,
further ,1,
pozd\u011bji ,1,
october ,1,
process ,1,
premi\xe8re,1,
records ,1,
p\xe9riode ,1,
options ,1,
program ,1,
p\xfablico ,1,
release ,1,
players ,1,
product ,1,
running ,1,
service ,1,
pel\xedcula,1,
license ,1,
science ,1,
example ,1,
project ,1,
qu\xedmica ,1,
species ,1,
english ,1,
society ,1,
soci\xe9t\xe9 ,1,
library ,1,
section ,1,
pol\xedtico,1,
private ,1,
societ\xe0 ,1,
require ,1,
println ,1,
r\xf3wnie\u017c ,1,
special ,1,
started ,1,
st\xf6rsta ,1,
support ,1,
success ,1,
related ,1,
through ,1,
s\xe5ledes ,1,
results ,1,
t\xe9rmino ,1,
station ,1,
township,1,
version ,1,
student ,1,
written ,1,
tambi\xe9n ,1,
several ,1,
request ,1,
western ,1,
various ,1,
st\xf8rste ,1,
working ,1,
pol\xedtica,1,
\xeenceput ,1,
podru\u010dju,1,
village ,1,
without ,1,
\u0421\u043e\u0431\u044b\u0442\u0438\u044f ,1,
zosta\u0142a ,1,
\u0418\u0441\u0442\u043e\u0440\u0438\u044f ,1,
\xa0 \xa0 \xa0 \xa0 ,1,
\u0441\u0438\u0441\u0442\u0435\u043c\u0430 ,1,
\u043e\u0431\u043b\u0430\u0441\u0442\u0456 ,1,
\u043d\u0430\u0437\u0432\u0430\u043d\u0438\u0435,1,
\u0411\u044a\u043b\u0433\u0430\u0440\u0438\u044f,1,
\u043e\u0431\u043b\u0430\u0441\u0442\u0438 ,1,
tako\u0111er ,1,
\u0423\u043a\u0440\u0430\u0457\u043d\u0438 ,1,
\u043e\u0431\u043b\u0430\u0441\u0442\u044c ,1,
william ,1,
w\xe4hrend ,1,
 After ,1,
\u0438\u0441\u0442\u043e\u0440\u0438\u044f ,1,
\u043a\u043e\u0442\u043e\u0440\u044b\u0439 ,1,
 About ,1,
 China ,1,
\xa0\xa0\xa0\xa0\xa0\xa0\xa0 ,1,
 House ,1,
 L\xe1szl\xf3,1,
 Mar\xeda ,1,
 David ,1,
\u044f\u0432\u043b\u044f\u0435\u0442\u0441\u044f,1,
 James ,1,
 Tamb\xe9 ,1,
 C\xe9sar ,1,
 North ,1,
 Par\xeds ,1,
 River ,1,
 March ,1,
 False ,1,
 Prvn\xed ,1,
 India ,1,
 South ,1,
 First ,1,
 Andr\xe9 ,1,
\u0441\u043e\u0431\u044b\u0442\u0438\u044f ,1,
 K\xf6nig ,1,
 These ,1,
website ,1,
 There ,1,
 State ,1,
 White ,1,
syst\xe8me ,1,
 Uni\xe3o ,1,
 album ,1,
 about ,1,
 April ,1,
 above ,1,
 ann\xe9e ,1,
 align ,1,
 L\xf3pez ,1,
 added ,1,
 World ,1,
 along ,1,
 after ,1,
 While ,1,
 async ,1,
 await ,1,
 array ,1,
 april ,1,
 among ,1,
 React ,1,
 close ,1,
 again ,1,
 d\xe9but ,1,
 david ,1,
 della ,1,
 award ,1,
 class ,1,
 began ,1,
 based ,1,
 error ,1,
 board ,1,
 email ,1,
 const ,1,
 every ,1,
 early ,1,
 below ,1,
 est\xe1n ,1,
 false ,1,
 first ,1,
 float ,1,
 event ,1,
 films ,1,
 ent\xe3o ,1,
 death ,1,
 apr\xe8s ,1,
 front ,1,
 f\xf6rst ,1,
 given ,1,
 games ,1,
 great ,1,
 green ,1,
 files ,1,
 house ,1,
 https ,1,
 india ,1,
present ,1,
 f\xf8rst ,1,
 input ,1,
 h\xe1rom ,1,
 final ,1,
 james ,1,
 human ,1,
 going ,1,
 kter\xe1 ,1,
 found ,1,
 group ,1,
 index ,1,
 items ,1,
 kter\xfd ,1,
 kter\xe9 ,1,
 known ,1,
 for\xe7a ,1,
 image ,1,
 kt\xf3re ,1,
 kt\xf3ra ,1,
 field ,1,
 label ,1,
 gro\xdfe ,1,
 login ,1,
 light ,1,
 force ,1,
 links ,1,
 large ,1,
 match ,1,
 model ,1,
 kt\xf3ry ,1,
 means ,1,
 might ,1,
 mo\u017cna ,1,
 major ,1,
 being ,1,
session ,1,
 month ,1,
 males ,1,
 level ,1,
 media ,1,
 money ,1,
 build ,1,
 mar\xe7o ,1,
 m\xe9dia ,1,
 click ,1,
 court ,1,
 march ,1,
 least ,1,
 com\xfan ,1,
 c\u0103tre ,1,
 kh\xf4ng ,1,
 never ,1,
 names ,1,
 m\xe5nga ,1,
 music ,1,
 color ,1,
 citt\xe0 ,1,
 na\u010din ,1,
 block ,1,
 local ,1,
 north ,1,
 n\xe5got ,1,
 child ,1,
 oko\u0142o ,1,
 count ,1,
 older ,1,
 param ,1,
 nom\xe9s ,1,
 order ,1,
 books ,1,
 night ,1,
 check ,1,
 n\xe5gra ,1,
 black ,1,
 china ,1,
 nh\u1eefng ,1,
 named ,1,
 ng\u01b0\u1eddi ,1,
 often ,1,
 could ,1,
 press ,1,
 b\u011bhem ,1,
 power ,1,
 print ,1,
 ocks\xe5 ,1,
 point ,1,
 pa\xefsos,1,
 built ,1,
 react ,1,
 hab\xeda ,1,
 other ,1,
 party ,1,
 place ,1,
 price ,1,
 r\xe6kke ,1,
 props ,1,
 seg\xfan ,1,
 score ,1,
 since ,1,
 dal\u0161\xed ,1,
 range ,1,
 prvn\xed ,1,
 south ,1,
 state ,1,
 short ,1,
 route ,1,
 right ,1,
 river ,1,
 space ,1,
 query ,1,
 sor\xe1n ,1,
 split ,1,
 store ,1,
 story ,1,
 round ,1,
 share ,1,
 start ,1,
 study ,1,
 s\xe9rie ,1,
 tak\u017ce ,1,
 there ,1,
 table ,1,
 third ,1,
 tamb\xe9 ,1,
 still ,1,
 races ,1,
 think ,1,
 small ,1,
 title ,1,
 these ,1,
 style ,1,
 those ,1,
 total ,1,
 times ,1,
 three ,1,
 video ,1,
 token ,1,
 rom\xe1n ,1,
 union ,1,
 their ,1,
 wed\u0142ug,1,
 today ,1,
 words ,1,
 white ,1,
 where ,1,
 works ,1,
 value ,1,
 years ,1,
 width ,1,
 which ,1,
 while ,1,
 world ,1,
 types ,1,
 users ,1,
 uni\xe3o ,1,
 water ,1,
 v\xe6ret ,1,
 \xc9tats ,1,
 \xfanica ,1,
 write ,1,
 under ,1,
 \xc9cole ,1,
 until ,1,
 \xebsht\xeb ,1,
 using ,1,
 \xeentre ,1,
 \u010d\xe1sti ,1,
 \u017eivot ,1,
 \u041f\u043e\u0441\u043b\u0435 ,1,
 \u010dasto ,1,
 \xe9glise,1,
 \xe9cole ,1,
 \xe9tats ,1,
 views ,1,
 \u0421\u043e\u0444\u0438\u044f ,1,
 young ,1,
 train ,1,
 \xfanico ,1,
 \xe1ltal ,1,
 \u0432\u0440\u0435\u043c\u044f ,1,
 would ,1,
 \u010desto ,1,
 women ,1,
 \u043a\u043e\u0438\u0442\u043e ,1,
 \u043a\u043e\u0439\u0442\u043e ,1,
 \xe9tait ,1,
 super ,1,
 \u0434\u0440\u0443\u0433\u0438 ,1,
 \u043a\u043e\u0435\u0442\u043e ,1,
 \u010cesk\xe9 ,1,
 \u0431\u043e\u043b\u0435\u0435 ,1,
 \u0433\u0440\u0430\u0444\u0438\u043a,1,
 \u043c\u0435\u0441\u0442\u0430 ,1,
 \u043f\u0440\u0430\u0432\u0430 ,1,
 \u043a\u043e\u044f\u0442\u043e ,1,
 later ,1,
 \u043e\u043a\u043e\u043b\u043e ,1,
 \u043f\u043e\u0441\u043b\u0435 ,1,
 units ,1,
 \u043d\u0430\u043a\u043e\u043d ,1,
 \u043f\u0440\u0430\u0432\u043e ,1,
 \u043f\u0456\u0441\u043b\u044f ,1,
 \xe9poca ,1,
 \u043c\u0435\u0441\u0442\u043e ,1,
 \u043c\u0435\u0436\u0434\u0443 ,1,
 \u0442\u0430\u043a\u0436\u0435 ,1,
 break ,1,
 \u0441\u0442\u0430\u0432\u0430 ,1,
 \u043a\u0430\u043a\u0442\u043e ,1,
 \u043c\u043e\u0436\u0435\u0442 ,1,
 \u0441\u0432\u0435\u0442\u0430 ,1,
 \u0442\u0430\u043a\u043e\u0436 ,1,
 \u0440\u043e\u043a\u0456\u0432 ,1,
 \u043c\u043d\u043e\u0433\u043e ,1,
Fran\xe7a ,1,
Garc\xeda ,1,
 \u0447\u0438\u0441\u043b\u043e ,1,
County ,1,
Espa\xf1a ,1,
During ,1,
 \u0432\u0440\u0435\u043c\u0435 ,1,
George ,1,
 track ,1,
 \u0440\u0430\u0439\u043e\u043d ,1,
 \u0441\u0435\u0432\u0435\u0440 ,1,
French ,1,
League ,1,
M\xfcnchen,1,
School ,1,
Ant\xf3nio,1,
 \u0447\u0435\u0440\u0435\u0437 ,1,
Belgi\xeb ,1,
Istv\xe1n ,1,
States ,1,
August ,1,
String ,1,
Rom\xe2nia,1,
People ,1,
 \u0447\u0430\u0441\u0442\u0438 ,1,
ann\xe9es ,1,
around ,1,
append ,1,
adem\xe1s ,1,
action ,1,
author ,1,
L\xe1szl\xf3 ,1,
atrav\xe9s,1,
System ,1,
active ,1,
 \u0433\u043e\u0440\u043e\u0434 ,1,
London ,1,
b\xf6rjan ,1,
always ,1,
M\xe9xico ,1,
catal\xe0 ,1,
access ,1,
b\xf6rjade,1,
better ,1,
became ,1,
across ,1,
 \u043f\u0440\u0435\u043c\u0430 ,1,
change ,1,
become ,1,
column ,1,
ch\xe2teau,1,
client ,1,
called ,1,
course ,1,
census ,1,
button ,1,
center ,1,
before ,1,
German ,1,
anv\xe4nds,1,
c\xf3digo ,1,
births ,1,
aceast\u0103,1,
despr\xe9s,1,
device ,1,
design ,1,
cz\u0119\u015bci ,1,
d\xe9cada ,1,
cz\u0119sto ,1,
config ,1,
django ,1,
United ,1,
dr\u017eava ,1,
county ,1,
church ,1,
best\xe5r ,1,
despu\xe9s,1,
august ,1,
dr\u017eave ,1,
create ,1,
double ,1,
define ,1,
export ,1,
donn\xe9es,1,
female ,1,
either ,1,
c\xe9lulas,1,
funci\xf3n,1,
exist\u0103 ,1,
fun\xe7\xe3o ,1,
format ,1,
father ,1,
f\xe9vrier,1,
during ,1,
f\xf8rste ,1,
fam\xedlia,1,
febru\xe1r,1,
d\xe9put\xe9 ,1,
border ,1,
events ,1,
g\xe9n\xe9ral,1,
health ,1,
german ,1,
g\xe9nero ,1,
f\xedsica ,1,
france ,1,
future ,1,
former ,1,
french ,1,
except ,1,
github ,1,
island ,1,
income ,1,
global ,1,
google ,1,
kt\xf3rych,1,
izme\u0111u ,1,
george ,1,
common ,1,
f\xf6rsta ,1,
height ,1,
k\xf6nnen ,1,
kt\xf3rej ,1,
league ,1,
market ,1,
images ,1,
in\xedcio ,1,
making ,1,
little ,1,
london ,1,
member ,1,
m\xe9todo ,1,
method ,1,
length ,1,
import ,1,
median ,1,
master ,1,
office ,1,
mi\u0119dzy ,1,
params ,1,
number ,1,
people ,1,
France ,1,
living ,1,
header ,1,
k\xf6z\xf6tt ,1,
obdob\xed ,1,
places ,1,
per\xedodo,1,
output ,1,
models ,1,
career ,1,
months ,1,
option ,1,
pa\xedses ,1,
n\xfameros,1,
having ,1,
played ,1,
pozd\u011bji,1,
object ,1,
period ,1,
please ,1,
others ,1,
n\xfamero ,1,
module ,1,
report ,1,
p\xe9riode,1,
public ,1,
regi\xe3o ,1,
points ,1,
police ,1,
st\xf6rsta,1,
person ,1,
player ,1,
online ,1,
syst\xe8me,1,
sp\xe4ter ,1,
square ,1,
static ,1,
street ,1,
societ\xe0,1,
python ,1,
s\xe9culo ,1,
tako\u0111er,1,
native ,1,
r\xf3wnie\u017c,1,
family ,1,
source ,1,
though ,1,
string ,1,
status ,1,
s\xe5ledes,1,
t\xe9rmino,1,
st\xf8rre ,1,
regi\xf3n ,1,
united ,1,
st\xf6rre ,1,
omr\xe5de ,1,
values ,1,
pa\xefsos ,1,
w\xe4hrend,1,
soci\xe9t\xe9,1,
system ,1,
tamb\xe9m ,1,
\xfaltima ,1,
\xe9tudes ,1,
window ,1,
situ\xe9e ,1,
target ,1,
zosta\u0142 ,1,
\xc1frica ,1,
\u017eivota ,1,
st\xf8rste,1,
update ,1,
within ,1,
tambi\xe9n,1,
\u0423\u043a\u0440\u0430\u0457\u043d\u0438,1,
\xe9glise ,1,
\u0433\u043e\u0434\u0438\u043d\u0438 ,1,
things ,1,
\xa0 \xa0 \xa0 \xa0,1,
states ,1,
\u0421\u043e\u0431\u044b\u0442\u0438\u044f,1,
\xfaltimo ,1,
\u0433\u043e\u0434\u0438\u043d\u0435 ,1,
\u0438\u0441\u0442\u043e\u0440\u0438\u044f,1,
\u043e\u0431\u043b\u0430\u0441\u0442\u0456,1,
\u043f\u0435\u0440\u0438\u043e\u0434 ,1,
\xeenceput,1,
\u0420\u043e\u0441\u0441\u0438\u0438 ,1,
\u0434\u0440\u0443\u0433\u0438\u0445 ,1,
\u0430\u0432\u0433\u0443\u0441\u0442 ,1,
zosta\u0142a,1,
\u0433\u043e\u0434\u0438\u043d\u0430 ,1,
\u0441\u043e\u0431\u044b\u0442\u0438\u044f,1,
\u043e\u0431\u043b\u0430\u0441\u0442\u0438,1,
\u0440\u0430\u0439\u043e\u043d\u0430 ,1,
\u043f\u0430\u043c\u044f\u0442\u044c ,1,
\u0441\u043f\u0438\u0441\u043e\u043a ,1,
\u043f\u0440\u043e\u0442\u0438\u0432 ,1,
\u044f\u043d\u0432\u0430\u0440\u044f ,1,
\u0433\u0440\u0430\u0444\u0438\u043a ,1,
 Dup\u0103 ,1,
 City ,1,
m\xfasica ,1,
\u043e\u0431\u043b\u0430\u0441\u0442\u044c,1,
 East ,1,
t\xedtulo ,1,
 High ,1,
 List ,1,
 Le\xf3n ,1,
 File ,1,
 July ,1,
\u043e\u0431\u043b\u0430\u0441\u0442 ,1,
 June ,1,
 From ,1,
trav\xe9s ,1,
 M\xe4rz ,1,
record ,1,
qu\xedmica,1,
 None ,1,
 King ,1,
random ,1,
p\xe1gina ,1,
 News ,1,
\u0442\u043e\u043b\u044c\u043a\u043e ,1,
p\xfablico,1,
region ,1,
 Pa\xeds ,1,
 Ren\xe9 ,1,
\u0441\u0438\u0441\u0442\u0435\u043c\u0430,1,
 Jo\xe3o ,1,
school ,1,
really ,1,
single ,1,
 True ,1,
 They ,1,
 also ,1,
 West ,1,
\u0433\u043e\u0440\u043e\u0434\u0430 ,1,
 York ,1,
season ,1,
render ,1,
series ,1,
\u043a\u043e\u0442\u043e\u0440\u044b\u0439,1,
 This ,1,
 When ,1,
review ,1,
script ,1,
 Jos\xe9 ,1,
 able ,1,
 What ,1,
 That ,1,
router ,1,
return ,1,
search ,1,
 aix\xed ,1,
 View ,1,
social ,1,
served ,1,
result ,1,
second ,1,
 With ,1,
r\xe9gion ,1,
 aix\xf2 ,1,
should ,1,
server ,1,
 User ,1,
 area ,1,
 army ,1,
 born ,1,
 More ,1,
 ap\xf3s ,1,
 band ,1,
 code ,1,
select ,1,
 base ,1,
 book ,1,
 ao\xfbt ,1,
 call ,1,
 city ,1,
 away ,1,
 a\xf1os ,1,
 body ,1,
 been ,1,
 caf\xe9 ,1,
 c\xf4ng ,1,
 char ,1,
 args ,1,
 care ,1,
 by\u0142y ,1,
 card ,1,
 John ,1,
 east ,1,
 down ,1,
 best ,1,
 come ,1,
 done ,1,
 cos\xec ,1,
 each ,1,
 even ,1,
 al\xe9m ,1,
 face ,1,
 died ,1,
 data ,1,
 by\u0142o ,1,
 dob\u011b ,1,
 film ,1,
 cz\u0119\u015b\u0107,1,
 half ,1,
 host ,1,
 els\u0151 ,1,
 back ,1,
 b\xe5de ,1,
 here ,1,
 dou\u0103 ,1,
 past ,1,
 once ,1,
 good ,1,
 look ,1,
 info ,1,
 help ,1,
 i\xe7in ,1,
 club ,1,
 play ,1,
 node ,1,
 july ,1,
 d\xedas ,1,
 push ,1,
 c\xe2nd ,1,
 less ,1,
 only ,1,
 race ,1,
 link ,1,
 est\xe1 ,1,
 m\xeame ,1,
 role ,1,
 ett\xe4 ,1,
 html ,1,
 home ,1,
 else ,1,
 root ,1,
 p\xe8re ,1,
 math ,1,
 full ,1,
 like ,1,
 land ,1,
 note ,1,
 head ,1,
 next ,1,
 room ,1,
 file ,1,
 java ,1,
 dup\u0103 ,1,
 est\xe0 ,1,
 name ,1,
 much ,1,
 main ,1,
 made ,1,
 path ,1,
 into ,1,
 held ,1,
 near ,1,
 test ,1,
 date ,1,
 ser\xe1 ,1,
 four ,1,
 http ,1,
 left ,1,
 find ,1,
 then ,1,
 list ,1,
 task ,1,
 show ,1,
 over ,1,
 time ,1,
 more ,1,
 tak\xe9 ,1,
 says ,1,
 core ,1,
 este ,1,
 le\xf3n ,1,
 send ,1,
 used ,1,
 this ,1,
 kr\xf3l ,1,
 till ,1,
 mo\u017ce ,1,
 real ,1,
 fr\xe5n ,1,
 view ,1,
 pr\xe8s ,1,
 kdy\u017e ,1,
 init ,1,
 want ,1,
 love ,1,
 m\u016f\u017ee ,1,
 they ,1,
 load ,1,
 take ,1,
 most ,1,
 null ,1,
 v\u0161ak ,1,
 park ,1,
 tr\xe8s ,1,
 with ,1,
 val\xf3 ,1,
 post ,1,
 food ,1,
 your ,1,
 long ,1,
 some ,1,
 para ,1,
 \xe1rea ,1,
 \xa0\xa0\xa0\xa0 ,1,
 make ,1,
 same ,1,
 told ,1,
 took ,1,
 p\u0159ed ,1,
 ogs\xe5 ,1,
 term ,1,
 work ,1,
 came ,1,
 last ,1,
 \u0111\u01b0\u1ee3c ,1,
 free ,1,
 item ,1,
 \u0111\u1ecbnh ,1,
 f\xf6re ,1,
 very ,1,
 both ,1,
 just ,1,
 href ,1,
 team ,1,
 self ,1,
 star ,1,
 text ,1,
 t\xf6bb ,1,
 from ,1,
 will ,1,
 \xe5ret ,1,
 open ,1,
 read ,1,
 \u0432\u0435\u043a\u0430 ,1,
 st\xe5r ,1,
 v\xedce ,1,
 went ,1,
 york ,1,
 by\u0142a ,1,
 door ,1,
 \u0431\u0438\u043b\u0438 ,1,
 such ,1,
 what ,1,
 save ,1,
 \u0431\u0443\u043b\u043e ,1,
 know ,1,
 live ,1,
 said ,1,
 game ,1,
 \u0421\u043b\u0435\u0434 ,1,
 is\xe6r ,1,
 does ,1,
 \u0421\u043e\u0444\u0438\u044f,1,
 ut\xe1n ,1,
 must ,1,
 \xe1gua ,1,
 song ,1,
 \xe4ven ,1,
 jej\xed ,1,
 \xa0 \xa0 \xa0,1,
 \u0447\u043b\u0435\u043d ,1,
 need ,1,
 \u306b\u304a\u3051\u308b ,1,
 \u306b\u3064\u3044\u3066 ,1,
 \u3057\u3066\u3044\u308b ,1,
Andr\xe9 ,1,
 \u0414\u0435\u043d\u044c ,1,
 \u044f\u043a\u0438\u0439 ,1,
C\xe9sar ,1,
David ,1,
Belgi\xeb,1,
About ,1,
First ,1,
India ,1,
James ,1,
L\xe1szl\xf3,1,
 \u0439\u043e\u0433\u043e ,1,
North ,1,
March ,1,
Mar\xeda ,1,
April ,1,
False ,1,
Fran\xe7a,1,
M\xe9xico,1,
House ,1,
Par\xeds ,1,
South ,1,
After ,1,
 life ,1,
L\xf3pez ,1,
 well ,1,
 form ,1,
K\xf6nig ,1,
State ,1,
 \u0431\u0440\u043e\u0458 ,1,
 word ,1,
React ,1,
 port ,1,
 \u0432\u0438\u0434\u0438 ,1,
Prvn\xed ,1,
 mo\u017ee ,1,
 when ,1,
 \xf6ver ,1,
 \u0432\u043e\u0439\u043d\u0430,1,
 \u041f\u0440\u0435\u0437 ,1,
 have ,1,
 \u0431\u0443\u043b\u0438 ,1,
 nen\xed ,1,
 \u0433\u043e\u0434\u0430 ,1,
 \xeentr ,1,
 line ,1,
 \xc9tat ,1,
 \u0431\u0443\u043b\u0430 ,1,
Tamb\xe9 ,1,
 june ,1,
 late ,1,
 male ,1,
 span ,1,
 \u0433\u0440\u0430\u0434 ,1,
 \u010dlan ,1,
 case ,1,
 join ,1,
 util ,1,
River ,1,
 como ,1,
 pa\xeds ,1,
 year ,1,
 \u041f\u043b\u0430\u043d ,1,
 \u043a\u0430\u043a\u043e ,1,
 \u0441\u043b\u0435\u0434 ,1,
 part ,1,
 size ,1,
 week ,1,
 \u0441\u0442\u0430\u0432 ,1,
 func ,1,
 \xe9tat ,1,
 voc\xea ,1,
 \u0436\u04d9\u043d\u0435 ,1,
 \u0440\u043e\u0446\u0456 ,1,
 give ,1,
 \xeatre ,1,
 \u0431\u044b\u043b\u0430 ,1,
 \u0435\u0434\u043d\u0430 ,1,
White ,1,
 \u0434\u0435\u043d\u044c ,1,
 \u043a\u0440\u0430\u044f ,1,
 town ,1,
Uni\xe3o ,1,
 \u043d\u0438\u0458\u0435 ,1,
 road ,1,
 \u0411\u0430\u0437\u0430 ,1,
 \u043a\u043e\u0458\u0438 ,1,
 move ,1,
 \u0440\u043e\u043a\u0443 ,1,
 tr\xeas ,1,
 \u043d\u0435\u0433\u043e ,1,
 high ,1,
 page ,1,
 true ,1,
 \u010d\xe1st ,1,
 \u0431\u0438\u043b\u043e ,1,
 than ,1,
 that ,1,
 \u0431\u0430\u0437\u0430 ,1,
 days ,1,
 \u043c\u0430\u0440\u0442 ,1,
about ,1,
 void ,1,
 \u043a\u0430\u0434\u0430 ,1,
 \u043f\u0440\u0435\u043c\u0430,1,
 mar\xe7 ,1,
 west ,1,
 many ,1,
 \u043e\u0434\u0438\u043d ,1,
 site ,1,
China ,1,
 \u043f\u043b\u0430\u043d ,1,
 p\xe2n\u0103 ,1,
 \u0432\u0438\u0448\u0435 ,1,
 \u0431\u044b\u043b\u043e ,1,
after ,1,
 \u0434\u0443\u0448\u0438 ,1,
adem\xe1s,1,
 vi\u0161e ,1,
 font ,1,
 \u0442\u043e\u0437\u0438 ,1,
 \u0431\u044b\u043b\u0438 ,1,
 step ,1,
While ,1,
 were ,1,
 \u043a\u043e\u0458\u0435 ,1,
World ,1,
 \u0433\u043e\u0434\u0443 ,1,
 five ,1,
 me\u0111u ,1,
 user ,1,
 \u010dasu ,1,
album ,1,
These ,1,
 side ,1,
 \u0442\u043e\u0433\u043e ,1,
align ,1,
 john ,1,
 \u043f\u0440\u0435\u0437 ,1,
 \u043c\u043e\u0440\u0435 ,1,
 json ,1,
 \u0442\u043e\u0432\u0430 ,1,
 per\xf2 ,1,
 \u043a\u0430\u0442\u043e ,1,
 them ,1,
 news ,1,
 \xfcber ,1,
above ,1,
 king ,1,
apr\xe8s ,1,
There ,1,
april ,1,
again ,1,
 \u0111\u1ed9ng ,1,
 \u0447\u0430\u0441\u0442 ,1,
await ,1,
async ,1,
 \u0435\u0441\u043b\u0438 ,1,
 \u0441\u0430\u043c\u043e ,1,
array ,1,
ann\xe9e ,1,
 none ,1,
 type ,1,
among ,1,
being ,1,
based ,1,
 \u0442\u0430\u043a\u0430 ,1,
 v\xe6re ,1,
below ,1,
black ,1,
block ,1,
along ,1,
 \u043c\u043e\u0436\u0435 ,1,
build ,1,
best\xe5r,1,
award ,1,
births,1,
books ,1,
b\xf6rjan,1,
board ,1,
check ,1,
ann\xe9es,1,
close ,1,
citt\xe0 ,1,
catal\xe0,1,
click ,1,
break ,1,
com\xfan ,1,
child ,1,
china ,1,
 \u043a\u043e\u0458\u0430 ,1,
built ,1,
class ,1,
const ,1,
dr\u017eava,1,
della ,1,
c\u0103tre ,1,
began ,1,
david ,1,
d\xe9put\xe9,1,
c\xf3digo,1,
count ,1,
cz\u0119sto,1,
color ,1,
added ,1,
error ,1,
false ,1,
b\u011bhem ,1,
court ,1,
 \u0435\u0434\u0438\u043d ,1,
could ,1,
cz\u0119\u015bci,1,
dal\u0161\xed ,1,
 t\xe9to ,1,
 \u043a\u0440\u0430\u0439 ,1,
d\xe9but ,1,
est\xe1n ,1,
field ,1,
first ,1,
force ,1,
going ,1,
fun\xe7\xe3o,1,
items ,1,
email ,1,
every ,1,
light ,1,
nom\xe9s ,1,
f\xf6rst ,1,
means ,1,
river ,1,
for\xe7a ,1,
match ,1,
r\xe6kke ,1,
films ,1,
range ,1,
often ,1,
money ,1,
route ,1,
https ,1,
n\xfamero,1,
label ,1,
m\xe5nga ,1,
house ,1,
r\xe9gion,1,
gro\xdfe ,1,
place ,1,
f\xf8rste,1,
files ,1,
front ,1,
south ,1,
price ,1,
na\u010din ,1,
rom\xe1n ,1,
g\xe9nero,1,
final ,1,
least ,1,
d\xe9cada,1,
march ,1,
mi\u0119dzy,1,
exist\u0103,1,
great ,1,
party ,1,
males ,1,
since ,1,
month ,1,
k\xf6nnen,1,
still ,1,
state ,1,
login ,1,
small ,1,
props ,1,
space ,1,
night ,1,
north ,1,
right ,1,
short ,1,
large ,1,
round ,1,
dr\u017eave,1,
pa\xefsos,1,
m\xfasica,1,
races ,1,
links ,1,
situ\xe9e,1,
older ,1,
never ,1,
sor\xe1n ,1,
regi\xe3o,1,
start ,1,
m\xe9todo,1,
hab\xeda ,1,
sp\xe4ter,1,
media ,1,
event ,1,
share ,1,
kt\xf3ry ,1,
green ,1,
regi\xf3n,1,
press ,1,
float ,1,
local ,1,
m\xe9dia ,1,
kter\xfd ,1,
image ,1,
kter\xe1 ,1,
in\xedcio,1,
james ,1,
kt\xf3ra ,1,
music ,1,
early ,1,
given ,1,
n\xe5got ,1,
f\xf8rst ,1,
f\xf6rsta,1,
ocks\xe5 ,1,
other ,1,
pa\xedses,1,
kter\xe9 ,1,
mo\u017cna ,1,
prvn\xed ,1,
react ,1,
model ,1,
named ,1,
games ,1,
oko\u0142o ,1,
p\xe1gina,1,
kt\xf3re ,1,
obdob\xed,1,
seg\xfan ,1,
power ,1,
query ,1,
kh\xf4ng ,1,
ng\u01b0\u1eddi ,1,
split ,1,
known ,1,
print ,1,
n\xe5gra ,1,
group ,1,
input ,1,
izme\u0111u,1,
death ,1,
order ,1,
ent\xe3o ,1,
index ,1,
kt\xf3rej,1,
point ,1,
nh\u1eefng ,1,
score ,1,
india ,1,
found ,1,
h\xe1rom ,1,
might ,1,
param ,1,
level ,1,
mar\xe7o ,1,
f\xedsica,1,
later ,1,
k\xf6z\xf6tt,1,
store ,1,
names ,1,
major ,1,
human ,1,
st\xf8rre,1,
story ,1,
third ,1,
their ,1,
track ,1,
those ,1,
uni\xe3o ,1,
st\xf6rre,1,
study ,1,
there ,1,
s\xe9culo,1,
total ,1,
views ,1,
these ,1,
women ,1,
title ,1,
table ,1,
\xa0\u0433\u043e\u0434\u0430 ,1,
types ,1,
\xfanica ,1,
t\xedtulo,1,
style ,1,
users ,1,
words ,1,
tak\u017ce ,1,
width ,1,
\xebsht\xeb ,1,
would ,1,
\xe1ltal ,1,
while ,1,
s\xe9rie ,1,
using ,1,
three ,1,
tamb\xe9 ,1,
 due ,1,
 d\xe4r ,1,
 end ,1,
 err ,1,
 era ,1,
 env ,1,
 els ,1,
 for ,1,
 don ,1,
where ,1,
 f\xf8r ,1,
 f\xe5r ,1,
 far ,1,
 gi\xe0 ,1,
 een ,1,
train ,1,
 et\xe0 ,1,
 d\xeda ,1,
today ,1,
 han ,1,
 g\xe5r ,1,
\u0432\u0440\u0435\u043c\u0435 ,1,
\xc9tats ,1,
\xe9glise,1,
\xeentre ,1,
video ,1,
\u010dasto ,1,
\u0433\u043e\u0434\u0438\u043d\u0438,1,
write ,1,
union ,1,
 f\xf6r ,1,
\u0433\u043e\u0434\u0438\u043d\u0435,1,
young ,1,
value ,1,
\u0433\u043e\u0434\u0438\u043d\u0430,1,
years ,1,
\u010cesk\xe9 ,1,
\xe9tudes,1,
 few ,1,
\u0433\u043e\u0440\u043e\u0434 ,1,
water ,1,
\xe9tats ,1,
\xe9cole ,1,
\xa0\u0433\u043e\u0434\u0443 ,1,
 got ,1,
 est ,1,
white ,1,
\u017eivota,1,
\xe9poca ,1,
\u017eivot ,1,
until ,1,
\u0431\u043e\u043b\u0435\u0435 ,1,
\xfanico ,1,
 git ,1,
world ,1,
\u043a\u043e\u0439\u0442\u043e ,1,
\u0430\u0432\u0433\u0443\u0441\u0442,1,
\u0434\u0440\u0443\u0433\u0438 ,1,
\xfaltimo,1,
\u043a\u043e\u0438\u0442\u043e ,1,
units ,1,
\u043f\u0430\u043c\u044f\u0442\u044c,1,
\u043a\u0430\u043a\u0442\u043e ,1,
\u043a\u043e\u0435\u0442\u043e ,1,
\xa0\xa0\xa0\xa0\xa0\xa0,1,
times ,1,
 His ,1,
\u044f\u043d\u0432\u0430\u0440\u044f,1,
\u0440\u0430\u0439\u043e\u043d ,1,
 had ,1,
\u041f\u043e\u0441\u043b\u0435 ,1,
 God ,1,
 b\xfdt ,1,
 But ,1,
\xc9cole ,1,
super ,1,
\u010d\xe1sti ,1,
 One ,1,
 air ,1,
 als ,1,
 End ,1,
 May ,1,
 che ,1,
\u043f\u0440\u043e\u0442\u0438\u0432,1,
 at\xe9 ,1,
 N\xe4r ,1,
\u043f\u0440\u0430\u0432\u0430 ,1,
 det ,1,
\u043c\u0435\u0441\u0442\u043e ,1,
v\xe6ret ,1,
 css ,1,
 See ,1,
\u0441\u0432\u0435\u0442\u0430 ,1,
 him ,1,
\u043c\u0435\u0436\u0434\u0443 ,1,
\u0440\u0430\u0439\u043e\u043d\u0430,1,
 act ,1,
 c\xe1c ,1,
 din ,1,
 com ,1,
 del ,1,
\u043e\u043a\u043e\u043b\u043e ,1,
 any ,1,
 her ,1,
 car ,1,
 h\xe4r ,1,
\u0433\u0440\u0430\u0444\u0438\u043a,1,
 co\u017e ,1,
 den ,1,
 het ,1,
 S\xe3o ,1,
\u0421\u043e\u0444\u0438\u044f ,1,
 a\xf1o ,1,
 api ,1,
 but ,1,
works ,1,
\u043f\u043e\u0441\u043b\u0435 ,1,
\u043c\u043d\u043e\u0433\u043e ,1,
\u043f\u0440\u0430\u0432\u043e ,1,
 can ,1,
\u043f\u0440\u0435\u043c\u0430 ,1,
 All ,1,
 You ,1,
\u0442\u0430\u043a\u0436\u0435 ,1,
 h\u1ecdc ,1,
 F\xf6r ,1,
 and ,1,
\u0441\u0442\u0430\u0432\u0430 ,1,
 his ,1,
 by\u0107 ,1,
\u0447\u0438\u0441\u043b\u043e ,1,
 She ,1,
 get ,1,
\xc1frica,1,
\u0447\u0435\u0440\u0435\u0437 ,1,
\u043e\u0431\u043b\u0430\u0441\u0442,1,
 day ,1,
\u0434\u0440\u0443\u0433\u0438\u0445,1,
 app ,1,
 col ,1,
\u0442\u043e\u043b\u044c\u043a\u043e,1,
 att ,1,
 For ,1,
\u043c\u043e\u0436\u0435\u0442 ,1,
 img ,1,
 der ,1,
\u0441\u043f\u0438\u0441\u043e\u043a,1,
 box ,1,
\u010desto ,1,
under ,1,
 San ,1,
 add ,1,
 div ,1,
\u0442\u0430\u043a\u043e\u0436 ,1,
tamb\xe9m,1,
 des ,1,
 das ,1,
 And ,1,
 int ,1,
 its ,1,
token ,1,
\u0432\u043e\u0439\u043d\u0430 ,1,
\u043c\u0435\u0441\u0442\u0430 ,1,
 c\u1ee7a ,1,
 by\u0142 ,1,
\u043d\u0430\u043a\u043e\u043d ,1,
 die ,1,
 all ,1,
 art ,1,
\xfaltima,1,
 key ,1,
 god ,1,
 How ,1,
think ,1,
 ju\u017c ,1,
\u043a\u043e\u044f\u0442\u043e ,1,
 App ,1,
 War ,1,
 con ,1,
 har ,1,
 New ,1,
 let ,1,
 def ,1,
\u0440\u043e\u043a\u0456\u0432 ,1,
\u0441\u0435\u0432\u0435\u0440 ,1,
 jo\u0161 ,1,
 kr\xf3l,1,
which ,1,
 f\xfcr ,1,
 len ,1,
 ji\u017e ,1,
\u0432\u0440\u0435\u043c\u044f ,1,
 log ,1,
 las ,1,
 big ,1,
 did ,1,
 has ,1,
 l\xe4n ,1,
 los ,1,
 how ,1,
\u043f\u0456\u0441\u043b\u044f ,1,
 map ,1,
 low ,1,
 age ,1,
 are ,1,
 les ,1,
 med ,1,
 man ,1,
 law ,1,
 may ,1,
 API ,1,
 new ,1,
 as\xed ,1,
 job ,1,
 m\xe9g ,1,
\xe9tait ,1,
 led ,1,
\u043f\u0435\u0440\u0438\u043e\u0434,1,
 met ,1,
 m\xe1s ,1,
 m\xe4n ,1,
zosta\u0142,1,
\u0447\u0430\u0441\u0442\u0438 ,1,
 men ,1,
 ne\u017e ,1,
 k\xe9t ,1,
 The ,1,
 n\xe0y ,1,
 max ,1,
\u0433\u043e\u0440\u043e\u0434\u0430,1,
 n\xe4r ,1,
 n\xe5r ,1,
 now ,1,
 m\xe9s ,1,
 por ,1,
 m\xf3n ,1,
 not ,1,
 net ,1,
 och ,1,
 png ,1,
Jos\xe9 ,1,
 own ,1,
 m\xe1r ,1,
 pu\xf2 ,1,
 que ,1,
 top ,1,
 try ,1,
 she ,1,
 six ,1,
 src ,1,
 \u03c4\u03bf\u03c5 ,1,
 \u041f\u0440\u0438 ,1,
L\xf3pez,1,
 num ,1,
 use ,1,
 \u044f\u043a\u0456 ,1,
Par\xeds,1,
 set ,1,
 me\xf0 ,1,
Tamb\xe9,1,
 und ,1,
 via ,1,
 url ,1,
 \u0441\u044a\u0441 ,1,
They ,1,
 pi\xf9 ,1,
True ,1,
 was ,1,
 \u0432\u0456\u0434 ,1,
 \u0647\u0627\u06cc ,1,
 par ,1,
West ,1,
 why ,1,
 req ,1,
 win ,1,
 til ,1,
 r\xedo ,1,
 \u03b1\u03c0\u03cc ,1,
June ,1,
area ,1,
User ,1,
More ,1,
 \u0435\u0433\u043e ,1,
 \u3057\u307e\u3059 ,1,
 \xa0\xa0\xa0 ,1,
back ,1,
base ,1,
 won ,1,
East ,1,
Le\xf3n ,1,
 \u043f\u0456\u0434 ,1,
City ,1,
 te\u017c ,1,
 nh\u01b0 ,1,
body ,1,
 \u043d\u0438\u0445 ,1,
 \u307e\u305f\u306f ,1,
 \u0438\u043c\u0430 ,1,
 \u0431\u0435\u0437 ,1,
by\u0142o ,1,
 n\xe3o ,1,
 \u304a\u3088\u3073 ,1,
 \u043e\u043d\u0430 ,1,
 son ,1,
 \u0440\u043e\u0434 ,1,
 \u03c4\u03b7\u03bd ,1,
care ,1,
 ve\u0107 ,1,
 web ,1,
C\xe9sar,1,
 \u043e\u043a\u043e ,1,
born ,1,
char ,1,
 \u0447\u0430\u0441 ,1,
York ,1,
 \u0431\u044b\u043b ,1,
 une ,1,
args ,1,
 two ,1,
 \u0432\u044a\u0432 ,1,
 \u306b\u304a\u3051\u308b,1,
 \u0448\u0442\u043e ,1,
 \u043f\u0440\u043e ,1,
 \u3044\u307e\u3059 ,1,
away ,1,
From ,1,
a\xf1os ,1,
b\u011bhem,1,
 \u0432\u0456\u043d ,1,
 put ,1,
 \u043a\u044a\u043c ,1,
 \u03c4\u03c9\u03bd ,1,
 \u043d\u0430\u0439 ,1,
 run ,1,
able ,1,
 \u03b3\u03b9\u03b1 ,1,
Dup\u0103 ,1,
 v\u1edbi ,1,
None ,1,
down ,1,
else ,1,
 n\xe9e ,1,
 si\u0119 ,1,
News ,1,
both ,1,
c\xf4ng ,1,
 \u03c0\u03bf\u03c5 ,1,
That ,1,
dob\u011b ,1,
 str ,1,
 old ,1,
 \u0627\u0633\u062a ,1,
 \u0627\u06cc\u0646 ,1,
 \u0442\u043e\u043c ,1,
best ,1,
 tv\xe5 ,1,
 v\xf5i ,1,
 \u03c4\u03b7\u03c2 ,1,
core ,1,
 \u044d\u0442\u043e ,1,
John ,1,
King ,1,
 sv\xe9 ,1,
 \u0442\u0440\u0438 ,1,
 \u306b\u3088\u308a ,1,
five ,1,
 \u043e\u0449\u0435 ,1,
been ,1,
 \u306b\u3088\u308b ,1,
 \u0433\u043e\u0434 ,1,
 \u0421\u0428\u0410 ,1,
days ,1,
c\u0103tre,1,
 \u0438\u043c\u0435 ,1,
four ,1,
form ,1,
from ,1,
for\xe7a,1,
fr\xe5n ,1,
f\xf6re ,1,
func ,1,
f\xf6rst,1,
full ,1,
f\xf8rst,1,
free ,1,
gro\xdfe,1,
dup\u0103 ,1,
give ,1,
game ,1,
held ,1,
host ,1,
have ,1,
help ,1,
href ,1,
http ,1,
good ,1,
high ,1,
info ,1,
aix\xed ,1,
long ,1,
love ,1,
half ,1,
head ,1,
le\xf3n ,1,
High ,1,
 our ,1,
is\xe6r ,1,
film ,1,
here ,1,
came ,1,
load ,1,
many ,1,
dou\u0103 ,1,
does ,1,
 von ,1,
home ,1,
hab\xeda,1,
band ,1,
died ,1,
Pa\xeds ,1,
 m\u1ed9t ,1,
 som ,1,
 \xedgy ,1,
 war ,1,
 the ,1,
also ,1,
club ,1,
 \u0447\u0442\u043e ,1,
east ,1,
 san ,1,
b\xe5de ,1,
 \u0442\u0430\u043c ,1,
 val ,1,
find ,1,
 \u3067\u3042\u308b ,1,
 \u0434\u0432\u0435 ,1,
 \xe9t\xe9 ,1,
 \u0441\u0438\u043d ,1,
como ,1,
 \u043c\u0430\u0454 ,1,
 \u0434\u043b\u044f ,1,
city ,1,
 res ,1,
July ,1,
 una ,1,
 \u0441\u0432\u0435 ,1,
els\u0151 ,1,
 van ,1,
by\u0142a ,1,
come ,1,
When ,1,
ett\xe4 ,1,
face ,1,
est\xe1 ,1,
m\xe5nga,1,
 \u3055\u308c\u305f ,1,
 \u043c\u0430\u0439 ,1,
data ,1,
 \xfev\xed ,1,
 \u043f\u044a\u0442 ,1,
font ,1,
 off ,1,
est\xe1n,1,
 \xe5rs ,1,
 \u0432\u0441\u0435 ,1,
al\xe9m ,1,
 \u043e\u043d\u0438 ,1,
 p\u0159i ,1,
army ,1,
book ,1,
 vi\xf0 ,1,
 \u0438\u043b\u0438 ,1,
 \u0434\u043e\u043a ,1,
 \u0431\u0438\u043e ,1,
near ,1,
each ,1,
 \u0432\u0435\u043a ,1,
code ,1,
 \u0433\u0434\u0435 ,1,
 \u0434\u0432\u0430 ,1,
file ,1,
dal\u0161\xed,1,
 you ,1,
card ,1,
 \xe9\xe9n ,1,
 \u0639\u0644\u0649 ,1,
ap\xf3s ,1,
 var ,1,
 \xfea\xf0 ,1,
 \u0431\u0443\u0432 ,1,
 nj\xeb ,1,
 \u043a\u0430\u043e ,1,
What ,1,
mo\u017ee ,1,
m\xe9dia,1,
ent\xe3o,1,
Ren\xe9 ,1,
This ,1,
mo\u017cna,1,
 www ,1,
c\xe2nd ,1,
 say ,1,
done ,1,
est\xe0 ,1,
 see ,1,
html ,1,
must ,1,
 who ,1,
este ,1,
com\xfan,1,
Uni\xe3o,1,
ao\xfbt ,1,
Andr\xe9,1,
 too ,1,
aix\xf2 ,1,
citt\xe0,1,
d\xe9but,1,
 s\xf3n ,1,
 \u03ba\u03b1\u03b9 ,1,
 \u3068\u3044\u3046 ,1,
Prvn\xed,1,
 php ,1,
nh\u1eefng,1,
 row ,1,
 red ,1,
name ,1,
 min ,1,
 \u043c\u0456\u0436 ,1,
 \u05d0\u05d5\u05df ,1,
ng\u01b0\u1eddi,1,
 org ,1,
 qu\xe8 ,1,
 \u0430\u043b\u0435 ,1,
 way ,1,
food ,1,
 \u092e\u0947\u0902 ,1,
 s\xe3o ,1,
 sm\xe5 ,1,
 \u043a\u0430\u043a ,1,
 ve\u010d ,1,
node ,1,
 \u043f\u0440\u0438 ,1,
date ,1,
With ,1,
 \u0434\u0438\u0432 ,1,
d\xedas ,1,
na\u010din,1,
need ,1,
by\u0142y ,1,
M\xe4rz ,1,
call ,1,
 \u043a\u043e\u0434 ,1,
 \u0442\u0430\u043a ,1,
Jo\xe3o ,1,
even ,1,
 one ,1,
most ,1,
mar\xe7 ,1,
note ,1,
List ,1,
 \u0432\u0438\u0434\u0438,1,
male ,1,
 \u043d\u0430\u0434 ,1,
cos\xec ,1,
door ,1,
 \xa0 \xa0 ,1,
ocks\xe5,1,
ogs\xe5 ,1,
View ,1,
n\xe5gra,1,
 per ,1,
only ,1,
null ,1,
 \xeele ,1,
none ,1,
para ,1,
once ,1,
oko\u0142o,1,
 \u0430\u043b\u0438 ,1,
 \u0430\u0431\u043e ,1,
page ,1,
mar\xe7o,1,
much ,1,
john ,1,
init ,1,
over ,1,
jej\xed ,1,
into ,1,
kr\xf3l ,1,
per\xf2 ,1,
math ,1,
open ,1,
past ,1,
item ,1,
nom\xe9s,1,
kdy\u017e ,1,
kh\xf4ng,1,
path ,1,
caf\xe9 ,1,
late ,1,
kt\xf3ry,1,
july ,1,
king ,1,
pr\xe8s ,1,
 non ,1,
link ,1,
n\xe5got,1,
less ,1,
live ,1,
File ,1,
h\xe1rom,1,
kter\xe9,1,
list ,1,
p\xe2n\u0103 ,1,
java ,1,
 p\xebr ,1,
just ,1,
land ,1,
case ,1,
like ,1,
push ,1,
p\xe8re ,1,
 std ,1,
play ,1,
role ,1,
kt\xf3ra,1,
 \u0161to ,1,
real ,1,
port ,1,
line ,1,
last ,1,
move ,1,
p\u0159ed ,1,
prvn\xed,1,
 \u043f\u043e\u0434 ,1,
me\u0111u ,1,
root ,1,
kter\xfd,1,
road ,1,
left ,1,
life ,1,
i\xe7in ,1,
join ,1,
know ,1,
kt\xf3re,1,
said ,1,
kter\xe1,1,
site ,1,
park ,1,
ser\xe1 ,1,
read ,1,
 \u0442\u043e\u0439 ,1,
main ,1,
send ,1,
show ,1,
r\xe6kke,1,
part ,1,
self ,1,
says ,1,
seg\xfan,1,
m\u016f\u017ee ,1,
same ,1,
race ,1,
post ,1,
june ,1,
size ,1,
pa\xeds ,1,
save ,1,
mo\u017ce ,1,
look ,1,
json ,1,
 \u3055\u308c\u308b ,1,
 out ,1,
room ,1,
 \u3068\u3057\u3066 ,1,
such ,1,
side ,1,
song ,1,
made ,1,
make ,1,
more ,1,
take ,1,
news ,1,
m\xeame ,1,
step ,1,
nen\xed ,1,
next ,1,
text ,1,
them ,1,
user ,1,
 \x11\u0587 ,1,
ut\xe1n ,1,
\xe4ven ,1,
\xe9cole,1,
 \x12\u0c24 ,1,
very ,1,
\u0432\u0435\u043a\u0430 ,1,
 \x13\u0430 ,1,
true ,1,
 \x0f\xab ,1,
 \x13\u308b ,1,
 \x08\xc9 ,1,
 \x12\xc0 ,1,
want ,1,
 \x16\xa7 ,1,
\u010cesk\xe9,1,
took ,1,
 \x16\xe9 ,1,
util ,1,
 \x16\u05d9 ,1,
\u0434\u0440\u0443\u0433\u0438,1,
 \x13\u092e ,1,
 \x0f\xee ,1,
 \x12\u0938 ,1,
v\xe6re ,1,
\xfcber ,1,
sor\xe1n,1,
 \x16\uff0d ,1,
till ,1,
work ,1,
 \x18\u2014 ,1,
span ,1,
 \x19\u0417 ,1,
\xebsht\xeb,1,
\u0111\u01b0\u1ee3c ,1,
 \x19\u0936 ,1,
 \x16\u304f ,1,
 \x10\u0431 ,1,
val\xf3 ,1,
were ,1,
term ,1,
\xfanico,1,
 \x19\u306e ,1,
\u0431\u0430\u0437\u0430 ,1,
used ,1,
week ,1,
\u043a\u0430\u0434\u0430 ,1,
tr\xe8s ,1,
\u0414\u0435\u043d\u044c ,1,
\xe1ltal,1,
task ,1,
went ,1,
\u041f\u0440\u0435\u0437 ,1,
\u0431\u0443\u043b\u0430 ,1,
\xa0\xa0\xa0\xa0 ,1,
 \x08\u0161 ,1,
 \x1a\u0430 ,1,
with ,1,
well ,1,
\u0432\u0438\u0434\u0438 ,1,
 \x08\u0421 ,1,
\xe9poca,1,
\u043d\u0438\u0458\u0435 ,1,
 \x1a\u0417 ,1,
york ,1,
\u0435\u0441\u043b\u0438 ,1,
\xeentre,1,
\xc9cole,1,
\u043c\u0430\u0440\u0442 ,1,
 \x1a\u0410 ,1,
\u0442\u043e\u0432\u0430 ,1,
\u0111\u1ecbnh ,1,
\u043c\u0435\u0441\u0442\u0430,1,
 \x17\u0915 ,1,
\u0442\u0430\u043a\u0430 ,1,
 \x13\u0410 ,1,
test ,1,
t\xe9to ,1,
when ,1,
 \x15\u092f ,1,
\u043a\u043e\u0458\u0435 ,1,
 \x11\u041a ,1,
\xeentr ,1,
 \x1a\u012f ,1,
 \x18\u2212 ,1,
\u0431\u0438\u043b\u0438 ,1,
\u0431\u0443\u043b\u043e ,1,
\u0431\u043e\u043b\u0435\u0435,1,
\u0432\u0440\u0435\u043c\u0435,1,
\u043a\u0430\u043a\u043e ,1,
 \x14\u0645 ,1,
told ,1,
 \x0f\u306f ,1,
\u043f\u043e\u0441\u043b\u0435,1,
 \x03\u3068 ,1,
 \x13\xee ,1,
\u043c\u043e\u0436\u0435 ,1,
 \x04\u0434 ,1,
 \x07\u0421 ,1,
\u043f\u0440\u0430\u0432\u0430,1,
\u043e\u0434\u0438\u043d ,1,
\u0439\u043e\u0433\u043e ,1,
\u043f\u0440\u0430\u0432\u043e,1,
tak\xe9 ,1,
 \x04\u043d ,1,
\u043c\u043e\u0436\u0435\u0442,1,
star ,1,
 \x1b\u09b8 ,1,
\xe1rea ,1,
 \x07\u0439 ,1,
\u043f\u043b\u0430\u043d ,1,
 \x12\xe1 ,1,
\u0435\u0434\u043d\u0430 ,1,
st\xe5r ,1,
\u0111\u1ed9ng ,1,
\u0447\u043b\u0435\u043d ,1,
\xe9tats,1,
\u010dasto,1,
that ,1,
 \x07\u3073 ,1,
\u0447\u0430\u0441\u0442 ,1,
\u043a\u043e\u0438\u0442\u043e,1,
\u043a\u0430\u043a\u0442\u043e,1,
 \x04\u0c2f ,1,
\u0431\u044b\u043b\u0430 ,1,
 \x19\xe0 ,1,
 \x02\u03b2 ,1,
 \x08\xe9 ,1,
\u010d\xe1sti,1,
\u0434\u0435\u043d\u044c ,1,
 \x11\u043f ,1,
\xc9tat ,1,
 \x08\u0928 ,1,
\u043a\u0440\u0430\u044f ,1,
\u0442\u0430\u043a\u0436\u0435,1,
\xfanica,1,
\u043f\u0440\u0435\u043c\u0430,1,
\u0440\u043e\u0446\u0456 ,1,
 \x03\u2192 ,1,
 \x05\u3084 ,1,
tak\u017ce,1,
\u0433\u043e\u0434\u0430 ,1,
\u0441\u0432\u0435\u0442\u0430,1,
\xc9tats,1,
\u3057\u3066\u3044\u308b ,1,
view ,1,
\u0421\u043e\u0444\u0438\u044f,1,
\u043a\u043e\u0435\u0442\u043e,1,
 \x11\u041f ,1,
year ,1,
will ,1,
 \x16\u0b95 ,1,
v\xe6ret,1,
 \x02\u1000 ,1,
 \x08\u3051 ,1,
 \x05\u0440 ,1,
\u0442\u043e\u0433\u043e ,1,
\u043a\u0430\u0442\u043e ,1,
\u0442\u043e\u043a\u0443 ,1,
\u043f\u0456\u0441\u043b\u044f,1,
\xeatre ,1,
\u0432\u0440\u0435\u043c\u044f,1,
this ,1,
\u0447\u0438\u0441\u043b\u043e,1,
 \x02\u03b1 ,1,
\u0434\u0443\u0448\u0438 ,1,
 \x16\u044f ,1,
t\xf6bb ,1,
v\xedce ,1,
 \x0e\u0947 ,1,
west ,1,
s\xe9rie,1,
\u043a\u0440\u0430\u0439 ,1,
\xa0 \xa0 \xa0,1,
 \x0f\uff0d ,1,
\u043c\u0435\u0441\u0442\u043e,1,
 \x07\u041c ,1,
team ,1,
\u0441\u0430\u043c\u043e ,1,
\u0431\u0438\u043b\u043e ,1,
\u043a\u043e\u0458\u0438 ,1,
 \x03\u0443 ,1,
\u0431\u044b\u043b\u0438 ,1,
they ,1,
 \x03\u3080 ,1,
 \x07\u0441 ,1,
 \x08\u0439 ,1,
\u0432\u043e\u0439\u043d\u0430,1,
\u043a\u043e\u0439\u0442\u043e,1,
some ,1,
voc\xea ,1,
\u043a\u043e\u0458\u0430 ,1,
\u0433\u0440\u0430\u0434 ,1,
 \x03\u0423 ,1,
what ,1,
\xe5ret ,1,
 \x18\u092e ,1,
 \x12\xe0 ,1,
\u0421\u043b\u0435\u0434 ,1,
vi\u0161e ,1,
\u010d\xe1st ,1,
 \x01\u1038 ,1,
 \x06\u0445 ,1,
\u0431\u0443\u043b\u0438 ,1,
\u010dasu ,1,
\u043e\u043a\u043e\u043b\u043e,1,
 \x19\xc0 ,1,
town ,1,
\u043c\u043e\u0440\u0435 ,1,
 \x10\u044d ,1,
\u0441\u043b\u0435\u0434 ,1,
type ,1,
\u306b\u3064\u3044\u3066\u306f,1,
 \x1a\u0418 ,1,
 \x07\xa7 ,1,
\u043f\u0440\u0435\u0437 ,1,
\u0442\u0430\u043a\u043e\u0436,1,
 \x10\u0c24 ,1,
 \x0e\u0431 ,1,
time ,1,
\xe9tat ,1,
 \x1a\u0c38 ,1,
\u0432\u0438\u0448\u0435 ,1,
 \x06\u09aa ,1,
\u010desto,1,
\u0442\u043e\u0437\u0438 ,1,
 \x18\u306a ,1,
\u0431\u0440\u043e\u0458 ,1,
 \x16\u0930 ,1,
\u0431\u044b\u043b\u043e ,1,
\u010dlan ,1,
 \x10\u03c0 ,1,
\xa0\u0433\u043e\u0434\u0443,1,
\u0441\u0442\u0430\u0432 ,1,
\u306b\u304a\u3051\u308b ,1,
\u0436\u04d9\u043d\u0435 ,1,
\xe1gua ,1,
 \x16\xc9 ,1,
\u0411\u0430\u0437\u0430 ,1,
\u0433\u0440\u0443\u043f\u0430,1,
\u044f\u043a\u0438\u0439 ,1,
 \x11\u0947 ,1,
\u043d\u0430\u043a\u043e\u043d,1,
\u0441\u0435\u0432\u0435\u0440,1,
\u041f\u043b\u0430\u043d ,1,
 \x19\u0947 ,1,
 \x05\u0c2f ,1,
than ,1,
tr\xeas ,1,
\u0440\u043e\u043a\u0456\u0432,1,
\u306b\u3064\u3044\u3066 ,1,
v\u0161ak ,1,
 \x11\u0433 ,1,
uni\xe3o,1,
 \x19\u0e32 ,1,
\u0433\u043e\u0434\u0443 ,1,
word ,1,
\u043d\u0435\u0433\u043e ,1,
then ,1,
\u017eivot,1,
\u0440\u043e\u043a\u0443 ,1,
\xa0\xa0\xa0\xa0\xa0,1,
\u0440\u0430\u0439\u043e\u043d,1,
void ,1,
\xa0\u0433\u043e\u0434\u0430,1,
your ,1,
\u043a\u043e\u044f\u0442\u043e,1,
\u0447\u0435\u0440\u0435\u0437,1,
 \x02\u3092 ,1,
\u0435\u0434\u0438\u043d ,1,
\xf6ver ,1,
 \x19\u0437 ,1,
 \x1a\u3051 ,1,
 \x04\u0645 ,1,
tamb\xe9,1,
\x08\xe9 ,1,
 \u0447\u0435 ,1,
\u043a\u0430\u043a ,1,
by\u0142y,1,
ser\xe1,1,
 \x94B ,1,
\u0434\u043e\u043a ,1,
une ,1,
 q\xeb ,1,
 \u2014\x10 ,1,
\u0434\u0438\u0432 ,1,
\xe1gua,1,
m\u1ed9t ,1,
How ,1,
 \uf0b7\xe5 ,1,
v\u0161ak,1,
 \x95% ,1,
 \x80\xe1 ,1,
 \uf0d8O ,1,
\u043c\u0430\u0440\u0442,1,
\u03c4\u03bf\u03c5 ,1,
\u0441\u0435\u043b\u043e,1,
\xe5rs ,1,
 \x99\u0924 ,1,
 la ,1,
 \u0457\u0457 ,1,
 \u3063\u305f ,1,
 \u0111\u1ec3 ,1,
His ,1,
 \x97\u2013 ,1,
\u0448\u0442\u043e ,1,
 \x80\u0406 ,1,
 &\x95 ,1,
 do ,1,
\u0434\u043b\u044f ,1,
\u0434\u0432\u0435 ,1,
\u0442\u043e\u0437\u0438,1,
 \x80\u0423 ,1,
war ,1,
 \uf0d8\u3067 ,1,
 \x96: ,1,
 C\uf0b7 ,1,
h\xe4r ,1,
 \u05e9\u05dc ,1,
 \x94\u304d ,1,
run ,1,
\u043a\u0430\u043e ,1,
 \x80o ,1,
 \x95s ,1,
 \x93\u306e ,1,
 \x96+ ,1,
img ,1,
See ,1,
 \uf0a7\u043a ,1,
are ,1,
 \u0406\x18 ,1,
 an ,1,
\u043c\u043e\u0436\u0435,1,
 up ,1,
 \uf0b7G ,1,
 \x99\u041e ,1,
src ,1,
 p\u0159 ,1,
\xeele ,1,
al\xe9m,1,
 \u0456\x0f ,1,
som ,1,
 \ue934\xc9 ,1,
 \u0439\x1a ,1,
\x06\u09aa ,1,
 \ue934\xe9 ,1,
 \xe1n ,1,
can ,1,
\u043d\u0430\u0434 ,1,
\u0432\u0435\u043a\u0430,1,
co\u017e ,1,
 \x80\u041e ,1,
 \uf0b7< ,1,
 \u05d0\u05ea ,1,
 \u1014\x81 ,1,
\u0442\u043e\u0439 ,1,
\u0639\u0644\u0649 ,1,
 \u0417\uf0b7 ,1,
\u0432\u0435\u043a ,1,
 \uf0b7\xe2 ,1,
d\xedas,1,
 \x81% ,1,
\x08\u0161 ,1,
 \u0161t ,1,
\x05\u0440 ,1,
 a\u0300 ,1,
url ,1,
max ,1,
 \x97\xc0 ,1,
 \x93\u304f ,1,
 \u306b\u3088\u308b,1,
\u043d\u0430\u0439 ,1,
 h\uf0b7 ,1,
\u0432\u044a\u0432 ,1,
""");\r",1,
\u0440\u0435\u043a\u0430,1,
\xe9\xe9n ,1,
 em ,1,
 \x96B ,1,
 \u0441\u0438 ,1,
 \u0db1\x80 ,1,
jej\xed,1,
 \u3068\u306e ,1,
\u041f\u043b\u0430\u043d,1,
 \u2022\x03 ,1,
ogs\xe5,1,
 \u010d\x1a ,1,
 \uf0fc\u041e ,1,
 \u0441\u0443 ,1,
 \xc0\x92 ,1,
 \x7f\u041a ,1,
too ,1,
by\u0142 ,1,
til ,1,
 \u044f\u043a ,1,
\xa0\u0433\u043e\u0434,1,
est\xe0,1,
 un ,1,
 so ,1,
 << ,1,
sm\xe5 ,1,
 \uf0fck ,1,
 \uf0d8\u043c ,1,
won ,1,
 \u3059\u308b ,1,
 \u0449\u043e ,1,
led ,1,
\u0414\u0435\u043d\u044c,1,
 \u09be\x17 ,1,
his ,1,
 .\x94 ,1,
 L\x91 ,1,
 \u2116\x15 ,1,
 \x97\u0423 ,1,
 \xe9v ,1,
 \u043e\u0442 ,1,
 \u0434\ue934 ,1,
 \u0441\u0435 ,1,
 \uf0fc+ ,1,
 \u043d\u0430 ,1,
you ,1,
\u0434\u0443\u0448\u0438,1,
git ,1,
 \xee\x10 ,1,
\xa0 \xa0 ,1,
its ,1,
len ,1,
 \u0418\x03 ,1,
 \u0947\x99 ,1,
god ,1,
 \xe0s ,1,
 \uf0a7F ,1,
N\xe4r ,1,
out ,1,
 \u306b\u306f ,1,
f\xf6r ,1,
pi\xf9 ,1,
\u306b\u304a\u3051\u308b,1,
log ,1,
 \u0930\x99 ,1,
now ,1,
una ,1,
met ,1,
\u0431\u0440\u043e\u0458,1,
 \xa7\uf0d8 ,1,
 us ,1,
 && ,1,
 \u0641\u064a ,1,
\u043a\u043e\u0458\u0430,1,
org ,1,
 \u0433\x80 ,1,
 \u043d\u0435 ,1,
 n\xeb ,1,
aix\xed,1,
\x04\u0434 ,1,
g\xe5r ,1,
 \u1004\x80 ,1,
sv\xe9 ,1,
h\u1ecdc ,1,
nen\xed,1,
 u\u017e ,1,
 d\u0259 ,1,
\u043c\u0456\u0436 ,1,
who ,1,
 \u0437\x01 ,1,
 \x92\u0587 ,1,
 go ,1,
des ,1,
 \u0bb1\u0bc1 ,1,
\u03c4\u03c9\u03bd ,1,
 \x92\u03b1 ,1,
ji\u017e ,1,
 \u304b\u3089 ,1,
 \u0412\x07 ,1,
\x07\u0439 ,1,
\u306b\u304a\u3044\u3066,1,
she ,1,
 h\xe1 ,1,
\xe1rea,1,
And ,1,
\u0432\u0438\u0434\u0438,1,
 \u0412\x97 ,1,
een ,1,
var ,1,
\u092e\u0947\u0902 ,1,
 \xc8\x94 ,1,
 \u0417\x01 ,1,
 \x99\u304f ,1,
" \x94},",1,
 \u2026\ue934 ,1,
del ,1,
 m\uf0b7 ,1,
non ,1,
\u043e\u043d\u0430 ,1,
int ,1,
 \xc9\x11 ,1,
col ,1,
m\xe1s ,1,
\u304a\u3088\u3073 ,1,
 \u304a\uf0d8 ,1,
\x06\u0445 ,1,
 \xc5r ,1,
api ,1,
 \x97\u0430 ,1,
 A\x95 ,1,
\x04\u043d ,1,
 \u304b\x92 ,1,
 p\xe5 ,1,
key ,1,
res ,1,
c\xf4ng,1,
was ,1,
 \u067e\u0647 ,1,
but ,1,
 \uf0fc\u012f ,1,
 C\uf0a7 ,1,
 \u012f\x15 ,1,
pa\xeds,1,
\u043d\u0438\u0458\u0435,1,
 At ,1,
 \u0406\x17 ,1,
 \u0915\u093e ,1,
 \u0438\u043c ,1,
man ,1,
 \uf0a7\u1004 ,1,
 \u05d0\x7f ,1,
 \x97\xe0 ,1,
 \x7f\u041f ,1,
och ,1,
\u0434\u0435\u043d\u044c,1,
 \xbb\x96 ,1,
 \x80\u043e ,1,
 \u0432\x7f ,1,
\x05\u0c2f ,1,
 \u0631\u0627 ,1,
que ,1,
 \u0c24\x9d ,1,
 \uf0a7\u0431 ,1,
\u0431\u044b\u043b\u0430,1,
 \uf0a7\u044d ,1,
" \x94, ",1,
han ,1,
kdy\u017e,1,
 \u0423\x19 ,1,
 at ,1,
 v\u1ec1 ,1,
try ,1,
 \u092e\ue934 ,1,
 }\x91 ,1,
put ,1,
 \xc9s ,1,
 \x95\u043d ,1,
 \u306b\u3088\u308a,1,
 \x93\u0633 ,1,
 != ,1,
 \xc8\x01 ,1,
val\xf3,1,
 \x91W ,1,
\x02\u3092 ,1,
 s\xeb ,1,
\x05\u3084 ,1,
\u03ba\u03b1\u03b9 ,1,
 t\xeb ,1,
\u0432\u043e\u0434\u0438,1,
May ,1,
Dup\u0103,1,
 \x7f\u043a ,1,
\u043a\u0430\u043a\u043e,1,
\u3057\u307e\u3059 ,1,
\u0431\u0443\u043b\u0430,1,
 \x81j ,1,
 by ,1,
old ,1,
all ,1,
b\xe5de,1,
 \u0423\x08 ,1,
med ,1,
\u043f\u0456\u0434 ,1,
 i\x94 ,1,
 \u044f\x0e ,1,
 => ,1,
 \u044f\x03 ,1,
 a\u017e ,1,
min ,1,
 \u09a8\u09be ,1,
 \u0915\u0947 ,1,
 \u0434\u043e ,1,
aix\xf2,1,
 v\uf0b7 ,1,
t\xe9to,1,
 \u0442\u0435 ,1,
End ,1,
 \uf0fcK ,1,
 \u03b7\x9d ,1,
 \u0440\x7f ,1,
v\xedce,1,
 \x97\u0443 ,1,
 \u0421\x94 ,1,
\u043f\u043b\u0430\u043d,1,
 \x80\u3046 ,1,
 \u0161\x16 ,1,
\u041f\u0440\u0438 ,1,
\xfev\xed ,1,
req ,1,
 L\ue934 ,1,
\u043d\u0438\u0445 ,1,
 \uf0a7\u304d ,1,
 \u043f\x97 ,1,
 \u044d\x03 ,1,
\u0431\u0443\u0432 ,1,
tv\xe5 ,1,
p\u0159ed,1,
les ,1,
 H\uf0b7 ,1,
 \x94\u3080 ,1,
 \x93\u0434 ,1,
 \u304d\x15 ,1,
 v\u0259 ,1,
 \uf0a7\u0406 ,1,
 c\x99 ,1,
me\xf0 ,1,
std ,1,
 \uf0b7g ,1,
 \u0ba4\u0bc1 ,1,
 on ,1,
 \u0442\u0430 ,1,
 \u0423\x80 ,1,
 \u2212\uf0a7 ,1,
 \u043e\u043d ,1,
 \u2212\x13 ,1,
\u0430\u043b\u0435 ,1,
men ,1,
\x07\u0421 ,1,
 \x96\u1004 ,1,
\u0441\u0438\u043d ,1,
p\xe2n\u0103,1,
 E\uf0a7 ,1,
t\xf6bb,1,
v\u1edbi ,1,
 \u0435\x14 ,1,
v\xf5i ,1,
van ,1,
"'\uf0a7, ",1,
 \u3046\x93 ,1,
 s\xe5 ,1,
 \u3081\u308b ,1,
 \u09af\x05 ,1,
You ,1,
\u0627\u0633\u062a ,1,
\u0440\u043e\u0434 ,1,
\x08\u0439 ,1,
 \x94{ ,1,
\u3067\u3042\u308b ,1,
 \u041c\x81 ,1,
 \u304b\x16 ,1,
nj\xeb ,1,
 \u0938\u0947 ,1,
 f\xe5 ,1,
val ,1,
 \u0443\x08 ,1,
 \u043f\u044a\u0442,1,
f\xe5r ,1,
per\xf2,1,
let ,1,
\u043f\u044a\u0442 ,1,
web ,1,
row ,1,
\u0432\u0456\u0434 ,1,
 o\xf9 ,1,
 \u3067\u306f ,1,
 \u0434\u0440 ,1,
 \u3088\u308a ,1,
 \u03b7\x13 ,1,
css ,1,
\u306b\u3088\u308b ,1,
 \u3055\u308c ,1,
 \xe9l ,1,
 \x93A ,1,
 \u041f\x14 ,1,
est ,1,
 \u043f\u043e ,1,
cos\xec,1,
 \u0914\u0930 ,1,
\x07\u0441 ,1,
 \x94b ,1,
M\xe4rz,1,
 \xfat ,1,
\x02\u03b1 ,1,
mo\u017ce,1,
c\u1ee7a ,1,
 \uf0d8\u3044 ,1,
kr\xf3l,1,
 \u2212\uf0fc ,1,
\u0432\u0441\u0435 ,1,
\u3068\u3057\u3066 ,1,
\u0440\u043e\u043a\u0443,1,
\u0438\u043c\u0430 ,1,
\u043a\u0440\u0430\u0439,1,
 \u3046\x14 ,1,
 \xe9s ,1,
 e\uf0a7 ,1,
F\xf6r ,1,
 \x81\u305f ,1,
 p\x96 ,1,
\u0431\u044b\u043b ,1,
dob\u011b,1,
 q\uf0fc ,1,
and ,1,
 \x99\u043e ,1,
\u043f\u0440\u0435\u0437,1,
\u0433\u043e\u0434\u0430,1,
 \u0437\uf0b7 ,1,
con ,1,
add ,1,
law ,1,
 \uf0fc\u1000 ,1,
\u0431\u044b\u043b\u0438,1,
Ren\xe9,1,
got ,1,
 me ,1,
\u0433\u0434\u0435 ,1,
The ,1,
nh\u01b0 ,1,
 \u092f\u093e ,1,
p\u0159i ,1,
 \u3048\uf0b7 ,1,
\xbb\x96. ,1,
War ,1,
one ,1,
say ,1,
 A\u0300 ,1,
 \uf0d8\u1014 ,1,
 \x97m ,1,
him ,1,
har ,1,
 \uf0b7\u0c38 ,1,
 \u03c4\u03bf ,1,
 \u012f\x19 ,1,
All ,1,
 it ,1,
 \u0648\x06 ,1,
had ,1,
pu\xf2 ,1,
not ,1,
 \u043f\x07 ,1,
\x03\u0423 ,1,
via ,1,
 \u0219i ,1,
\x02\u1000 ,1,
\u043e\u043d\u0438 ,1,
any ,1,
 t\xe9 ,1,
com ,1,
 \u3051\x03 ,1,
 \u0433\u043e ,1,
 \xe4r ,1,
 \x81s ,1,
 \u0406\x1a ,1,
\u0161to ,1,
 \u05d0\u05d5 ,1,
\u0431\u0438\u043b\u0438,1,
voc\xea,1,
\x07\u041c ,1,
One ,1,
 \u0441\u0430 ,1,
\u043a\u043e\u0458\u0438,1,
 c\u0103 ,1,
at\xe9 ,1,
 M\uf0b7 ,1,
\u0438\u043b\u0438 ,1,
 \u306b\x0e ,1,
 G\uf0d8 ,1,
 as ,1,
err ,1,
 \ufffd\x19 ,1,
\x03\u0443 ,1,
 \u05d0\x99 ,1,
 \u2116\x18 ,1,
\x04\u0645 ,1,
act ,1,
von ,1,
\u044f\u043a\u0438\u0439,1,
 \u3063\u3066 ,1,
k\xe9t ,1,
 k\x97 ,1,
ve\u010d ,1,
don ,1,
 \u304a\x17 ,1,
 \x95\u0432 ,1,
 \u0628\u0647 ,1,
 \u05e2\u05dc ,1,
\u3044\u307e\u3059 ,1,
\u044f\u043a\u0456 ,1,
 \x9d\u0c24 ,1,
));\r,1,
\u0442\u0430\u043a ,1,
App ,1,
 am ,1,
San ,1,
 \u041f\x07 ,1,
 \u043e\u0434 ,1,
 \x97M ,1,
\u043f\u043e\u0434 ,1,
 c\xf3 ,1,
 \u0456\u0437 ,1,
 \u0925\u093e ,1,
 \x80y ,1,
her ,1,
 \uf0fc\u0db1 ,1,
 \u305f\x80 ,1,
per ,1,
 \u0b95\x99 ,1,
\u05d0\u05d5\u05df ,1,
tr\xeas,1,
els\u0151,1,
die ,1,
 \u062f\u0631 ,1,
 \x80\u0456 ,1,
dou\u0103,1,
 be ,1,
New ,1,
der ,1,
\u0431\u0438\u043b\u043e,1,
 \xfaj ,1,
 In ,1,
 \u0440\x96 ,1,
 \u0446\u0435 ,1,
 \x81S ,1,
 \u0107e ,1,
 \u308a\x18 ,1,
ao\xfbt,1,
 \ufffd\x80 ,1,
\u043c\u0430\u0439 ,1,
 \u043d\u043e ,1,
did ,1,
 \u0644\u0647 ,1,
 +\x91 ,1,
 of ,1,
\u0442\u0430\u043a\u0430,1,
\u0439\u043e\u0433\u043e,1,
\u0421\u0428\u0410 ,1,
v\xe6re,1,
big ,1,
\u043c\u043e\u0440\u0435,1,
 \x99f ,1,
 \u0627\u0648 ,1,
\x07\u3073 ,1,
num ,1,
 \u0915\u094b ,1,
 \xa7\x13 ,1,
 \xa0\xa0 ,1,
 \x9dN ,1,
as\xed ,1,
 \u092a\x16 ,1,
 \u0435\u0451 ,1,
 \u043f\u0430 ,1,
\u010dlan,1,
\x02\u03b2 ,1,
 \u0437\u0430 ,1,
 \u0645\u0646 ,1,
 \u03bc\u03b5 ,1,
 \x91\u2116 ,1,
 \x97\u308b ,1,
set ,1,
 \uf0b7\u0645 ,1,
 \u0627\u0632 ,1,
 \u0441\u043c ,1,
 \u0441\u043e ,1,
 \u0443\x19 ,1,
\u0627\u06cc\u0646 ,1,
n\xe4r ,1,
\xe9t\xe9 ,1,
 \u2013\x04 ,1,
 If ,1,
n\xe3o ,1,
por ,1,
 \u0434\u0435 ,1,
 So ,1,
r\xedo ,1,
top ,1,
 \x99F ,1,
s\xf3n ,1,
 C\x99 ,1,
 \u041a\x1a ,1,
by\u0142a,1,
 \u0930\u0940 ,1,
 \u3078\u306e ,1,
 \uf0fc\u043e ,1,
\u0430\u043b\u0438 ,1,
off ,1,
\u0436\u04d9\u043d\u0435,1,
She ,1,
 \u0565\u0576 ,1,
\u0435\u0433\u043e ,1,
 \u09b0\x08 ,1,
 We ,1,
 \u0458\u0435 ,1,
 \u0406\x08 ,1,
 \x93N ,1,
c\xe2nd,1,
\u043a\u0440\u0430\u044f,1,
 \x93a ,1,
\u0433\u043e\u0434 ,1,
\u0434\u0432\u0430 ,1,
mar\xe7,1,
\xbb\x12. ,1,
use ,1,
els ,1,
 s\u1ed1 ,1,
\u0442\u0430\u043c ,1,
\u0431\u044b\u043b\u043e,1,
by\u0142o,1,
 \xe8\uf0d8 ,1,
 \xe9n ,1,
 \u3066\x14 ,1,
six ,1,
 \u0939\u0948 ,1,
 P\x96 ,1,
 G\ue934 ,1,
p\xebr ,1,
\xedgy ,1,
\u0435\u0434\u043d\u0430,1,
 \x91\u0c2f ,1,
 No ,1,
may ,1,
den ,1,
 \u0441\u0432 ,1,
 \x94} ,1,
 :\x9d ,1,
 \u0e19\x0e ,1,
\u043e\u0449\u0435 ,1,
 \xe1t ,1,
 X\uf0d8 ,1,
 \u306a\u3069 ,1,
 \u06a9\u0647 ,1,
 \x97\u0410 ,1,
 \u043d\x7f ,1,
www ,1,
\xfea\xf0 ,1,
n\xe0y ,1,
 \u043e\u0431 ,1,
 \u0433\u0430 ,1,
\u0431\u0443\u043b\u043e,1,
gi\xe0 ,1,
ut\xe1n,1,
los ,1,
m\xe1r ,1,
str ,1,
\u010dasu,1,
 \u3048\u308b ,1,
 \x95S ,1,
Jo\xe3o,1,
b\xfdt ,1,
\u043f\u0440\u043e ,1,
m\xe9g ,1,
det ,1,
 \u0421\u043c ,1,
 \x92\u0924 ,1,
 \u0161e ,1,
 v\xe0 ,1,
 V\uf0b7 ,1,
 \x9d\u03b2 ,1,
 \u1014\x91 ,1,
d\xe4r ,1,
 s\u0103 ,1,
 \x81\u2014 ,1,
 \xe9\x11 ,1,
 in ,1,
son ,1,
 \u0628\u0627 ,1,
 N\x81 ,1,
But ,1,
\u0431\u0430\u0437\u0430,1,
 \u03c0\x12 ,1,
 \xe4n ,1,
 \u0434\u0430 ,1,
\u0431\u0438\u043e ,1,
red ,1,
 \u043a\u043c ,1,
 \u0410\x91 ,1,
Pa\xeds,1,
 \x96b ,1,
 \u0417\u0430 ,1,
s\xe3o ,1,
 \ufffd\x94 ,1,
 \x1b\u0c38 ,1,
\x04\u0c2f ,1,
i\xe7in,1,
 \u0438\u0445 ,1,
 \u0412\x7f ,1,
far ,1,
\u043a\u0430\u0434\u0430,1,
\u3055\u308c\u305f ,1,
\x08\u0421 ,1,
jo\u0161 ,1,
 \u03b1\x03 ,1,
 \u0431\u0438 ,1,
 is ,1,
 \u0423\x95 ,1,
\x03\u3068 ,1,
 \u308b\x05 ,1,
 l\ue934 ,1,
car ,1,
by\u0107 ,1,
 \u1014\x97 ,1,
\xeentr,1,
 we ,1,
m\u016f\u017ee,1,
 \u3048\x07 ,1,
\u03b1\u03c0\u03cc ,1,
 \xbb\x12 ,1,
 s\u0105 ,1,
 \u0645\x92 ,1,
 \u017ee ,1,
 \x81> ,1,
 \u0422\u043e ,1,
 \u044f\x95 ,1,
 \x81J ,1,
\u306b\u3088\u308a ,1,
 n\xe9 ,1,
 \u0c15\x04 ,1,
 I\x94 ,1,
 \u041e\x18 ,1,
 \u3057\u3066 ,1,
S\xe3o ,1,
 *\x80 ,1,
 my ,1,
 \x99\u306e ,1,
 \u0436\u0435 ,1,
\u03b3\u03b9\u03b1 ,1,
\u0111\u1ecbnh,1,
 \u05d3\u05d9 ,1,
mo\u017ee,1,
 \u0161\x93 ,1,
 \u0c15\x0f ,1,
 \xe5\x11 ,1,
" }\x91,",1,
way ,1,
 \uf0d8\u0412 ,1,
our ,1,
... ,1,
a\xf1o ,1,
 \u305d\u306e ,1,
\u3055\u308c\u308b ,1,
 \uf0a7\u0456 ,1,
 \x9d\u306f ,1,
 \u304a\x1b ,1,
\u0441\u0432\u0435 ,1,
\u0111\u1ed9ng,1,
 \xe5r ,1,
 n\x81 ,1,
air ,1,
\x01\u1038 ,1,
 \u041e\u0442 ,1,
m\xe4n ,1,
 \u2022\x07 ,1,
 \x80\u0db1 ,1,
ap\xf3s,1,
For ,1,
dup\u0103,1,
 \u017ce ,1,
 He ,1,
\u0442\u0440\u0438 ,1,
 \u015bw ,1,
\u0447\u0430\u0441 ,1,
 \u0441\x94 ,1,
own ,1,
l\xe4n ,1,
 m\xe1 ,1,
 s\xf3 ,1,
API ,1,
 \u03b1\x18 ,1,
\u0431\u0443\u043b\u0438,1,
 \u308a\x0f ,1,
why ,1,
 \u0938\x15 ,1,
end ,1,
app ,1,
png ,1,
due ,1,
 \u306f\x10 ,1,
 \u03bd\u03b1 ,1,
 \ue934\u2116 ,1,
 c\uf0b7 ,1,
 \xc8\uf0d8 ,1,
 On ,1,
net ,1,
 \x99\u307f ,1,
n\xe5r ,1,
 \u2002\u2002 ,1,
san ,1,
 <\x97 ,1,
 \u0443\x01 ,1,
\u0431\u0435\u0437 ,1,
 x\uf0d8 ,1,
tr\xe8s,1,
\u0432\u0456\u043d ,1,
 \uf0a7\u041a ,1,
 \x80\ufffd ,1,
\u0442\u043e\u043c ,1,
\u043e\u0434\u0438\u043d,1,
 j\xe1 ,1,
und ,1,
era ,1,
\x03\u3080 ,1,
het ,1,
win ,1,
 or ,1,
 \u041f\u043e ,1,
 \u091a\x07 ,1,
 \u062f\x07 ,1,
 \u0430\x91 ,1,
the ,1,
n\xe9e ,1,
\u0441\u0430\u043c\u043e,1,
 \u0432\u043e ,1,
\u0440\u043e\u0446\u0456,1,
\u0447\u043b\u0435\u043d,1,
et\xe0 ,1,
.\x94..,1,
for ,1,
att ,1,
f\xf8r ,1,
def ,1,
 \uf0d8\u0587 ,1,
););,1,
 d\xe5 ,1,
 \xcen ,1,
 \u041d\u0430 ,1,
 || ,1,
ve\u0107 ,1,
 \u1014\x92 ,1,
 de ,1,
\u043c\u0430\u0454 ,1,
qu\xe8 ,1,
 \x1b\u3048 ,1,
 m\xe5 ,1,
c\xe1c ,1,
 va\u0300,1,
das ,1,
si\u0119 ,1,
 \u3057\u305f ,1,
 \u010de ,1,
 \u0414\u043e ,1,
 \u0c24\x1a ,1,
 \ue934\u3044 ,1,
 \u0406\x10 ,1,
fr\xe5n,1,
 \uf0fc< ,1,
new ,1,
 \u1000\x06 ,1,
 \u0442\u043e ,1,
 \x93L ,1,
 \x91\u0633 ,1,
ne\u017e ,1,
\u0432\u0438\u0448\u0435,1,
 \u0938\x11 ,1,
 -\ue934 ,1,
 \u3068\uf0b7 ,1,
 \x93M ,1,
God ,1,
 \xed\x08 ,1,
 to ,1,
 \u043c\u0443 ,1,
 \u0456\x10 ,1,
\u307e\u305f\u306f ,1,
two ,1,
 m\xeb ,1,
te\u017c ,1,
few ,1,
 \u0435\uf0fc ,1,
 \xeen ,1,
div ,1,
vi\xf0 ,1,
art ,1,
est\xe1,1,
 += ,1,
che ,1,
ju\u017c ,1,
 \u307e\u305f ,1,
 \u0915\u0940 ,1,
 \u0440\uf0a7 ,1,
\xe4ven,1,
 By ,1,
 \u306b\x12 ,1,
low ,1,
 \u2212\x99 ,1,
 \u0433\x06 ,1,
\u0647\u0627\u06cc ,1,
als ,1,
 \u03b2\x04 ,1,
 \u0645\u06cc ,1,
f\xf6re,1,
 \x80O ,1,
env ,1,
 \u3053\u306e ,1,
din ,1,
 \xa7\x16 ,1,
get ,1,
how ,1,
 \u0423\x01 ,1,
\u0438\u043c\u0435 ,1,
map ,1,
 \u03b2\x9d ,1,
see ,1,
 \uf0d8\u041c ,1,
 \ufffd\ue934 ,1,
\u0441\u044a\u0441 ,1,
\u03c0\u03bf\u03c5 ,1,
 \uf0fc\u09b8 ,1,
 no ,1,
 \u041f\x97 ,1,
f\xfcr ,1,
d\xeda ,1,
 a\xf0 ,1,
age ,1,
day ,1,
 \u0432\x07 ,1,
\u043a\u044a\u043c ,1,
 l\xe0 ,1,
 As ,1,
 \u041e\x91 ,1,
 \uf0d8\u3046 ,1,
 \x95\u0412 ,1,
### ,1,
par ,1,
 K\x97 ,1,
 \u043b\x97 ,1,
 \u0c24\x05 ,1,
tak\xe9,1,
\u044d\u0442\u043e ,1,
 \x94\xa7 ,1,
 \u0432\x97 ,1,
\u0411\u0430\u0437\u0430,1,
\u03c4\u03b7\u03bd ,1,
 \x81\u2212 ,1,
 \u3067\u3059 ,1,
 V\x81 ,1,
\u0447\u0442\u043e ,1,
is\xe6r,1,
\u0433\u043e\u0434\u0443,1,
 \u0406\x0f ,1,
\u043a\u043e\u0458\u0435,1,
 \uff0d\x0e ,1,
m\xe9s ,1,
job ,1,
 It ,1,
\u03c4\u03b7\u03c2 ,1,
 \u0438\u0437 ,1,
 \x9d\u0445 ,1,
\u3068\u3044\u3046 ,1,
 if ,1,
 he ,1,
p\xe8re,1,
 +\x99 ,1,
 :\x94 ,1,
 C\x94 ,1,
 \uf0fc/ ,1,
\xa0\xa0\xa0 ,1,
php ,1,
 \u010di ,1,
\u043e\u043a\u043e ,1,
\u043f\u0440\u0438 ,1,
m\xf3n ,1,
has ,1,
\u043a\u043e\u0434 ,1,
 \ue934\xfb ,1,
\u0111\u01b0\u1ee3c,1,
las ,1,
 P\xe5 ,1,
box ,1,
\x08\xc9 ,1,
 \u0938\x94 ,1,
\u0430\u0431\u043e ,1,
 \u10d3\u10d0 ,1,
 \u0b8e\u0ba9 ,1,
\x08\u3051 ,1,
\x08\u0928 ,1,
\x0f\xab ,1,
\x10\u03c0 ,1,
\x0e\u0947 ,1,
\x11\u041f ,1,
\x11\u201d ,1,
\x0f\u306f ,1,
\x10\u0c24 ,1,
\x12\u0c24 ,1,
\x0e\u0431 ,1,
\x12\u0938 ,1,
\x12. ,1,
\x15\u092f ,1,
\x16\u05d9 ,1,
\x16\xc9 ,1,
\x14\u0645 ,1,
\x16\u0930 ,1,
\x11\u0947 ,1,
 \ue934\xc9,1,
\x10\u044d ,1,
\x19\u0936 ,1,
 \uf0b7G,1,
\x16\u304f ,1,
\x13\u0430 ,1,
\x16\u0b95 ,1,
\x19\u0437 ,1,
\x1a\u0c38 ,1,
\x16\xe9 ,1,
""";\r",1,
\x1b\u0c38 ,1,
\x12\xe1 ,1,
 \u3092 ,1,
 \x11\u041f,1,
 \x08\xc9,1,
 \uf0a7\u041a,1,
 \x19\xc0,1,
" "" ",1,
 * ,1,
 : ,1,
 > ,1,
 \u3082 ,1,
\x1a\u0410 ,1,
"'\uf0a7,",1,
 C\uf0b7,1,
 E\uf0a7,1,
 I ,1,
\x1a\u0418 ,1,
\x18\u2014 ,1,
\x1b\u3048 ,1,
.\x94.,1,
 b ,1,
):\r,1,
 e ,1,
 H\uf0b7,1,
\x19\xc0 ,1,
?\x80 ,1,
 K\x97,1,
): ,1,
 n ,1,
 \uf0fcK,1,
 \uf0fc\u041e,1,
\x18\u2212 ,1,
\x11\u041a ,1,
 \u3084 ,1,
A\x95 ,1,
C\x99 ,1,
\x11\u0433 ,1,
\x19\u0e32 ,1,
 \x19\u0417,1,
 A ,1,
 \x93A,1,
 \x7f\u041a,1,
 \x95S,1,
G\uf0d8 ,1,
 I\x94,1,
 \x94B,1,
""", ",1,
 \x97M,1,
 \x99\u041e,1,
K\x97 ,1,
 k ,1,
:\x9d ,1,
\x12..,1,
 \xa9 ,1,
L\ue934 ,1,
\x1a\u0430 ,1,
 \xba ,1,
 P\x96,1,
C\x94 ,1,
To ,1,
V\uf0b7 ,1,
-\ue934 ,1,
 \ufffd ,1,
 \xd7 ,1,
 \x95\u0412,1,
 \u010d ,1,
 < ,1,
 \xc9 ,1,
 \u308a ,1,
 \xb7 ,1,
])\r,1,
 m ,1,
It ,1,
I\x94 ,1,
 \xa7 ,1,
 \u043c ,1,
 \u0412\x97,1,
 \x80O,1,
 \u0418 ,1,
 r ,1,
') ,1,
au ,1,
at ,1,
a\xf0 ,1,
 \u0412\x7f,1,
<\x97 ,1,
be ,1,
 c ,1,
by ,1,
br ,1,
by\u0107,1,
b\xfdt,1,
a\xf1o,1,
c\u0103 ,1,
c\xe1c,1,
co ,1,
c\xf3 ,1,
At ,1,
"., ",1,
 \x97\u0410,1,
 \u03b2 ,1,
a\u0300 ,1,
c\uf0b7 ,1,
 \x81S,1,
 | ,1,
 \u012f ,1,
co\u017e,1,
 \u0423 ,1,
 \xfb ,1,
 \x80\u0406,1,
 \xc8 ,1,
an ,1,
C\uf0a7 ,1,
 \u03c0 ,1,
 \u0406 ,1,
c\u1ee7a,1,
 \u0410\x91,1,
L\x91 ,1,
\x11\u043f ,1,
);\r,1,
). ,1,
 \xc9\x11,1,
 \u0406\x10,1,
As ,1,
 \u0432 ,1,
 \xab ,1,
 \x97\u0423,1,
 V\uf0b7,1,
\x1a\u3051 ,1,
E\uf0a7 ,1,
 \x12\xc0,1,
 \u0423\x19,1,
In ,1,
If ,1,
 \xa0 ,1,
 \u0430 ,1,
`\x95 ,1,
 \u0417\uf0b7,1,
On ,1,
P\xe5 ,1,
 M\uf0b7,1,
 o ,1,
 a ,1,
 \x13\u0410,1,
 \u041e ,1,
 \u0435 ,1,
*\x80 ,1,
by\u0142,1,
al ,1,
 \u0421\x94,1,
 + ,1,
 \u041f ,1,
 \u0412\x07,1,
 \u0438 ,1,
"], ",1,
am ,1,
];\r,1,
 \xe8 ,1,
 \xe0 ,1,
 \u041a ,1,
So ,1,
 \u0406\x0f,1,
 \u0410 ,1,
 \u043a ,1,
My ,1,
 \xee ,1,
 \u041f\x97,1,
 \xe5 ,1,
 \u0439 ,1,
 \u0387 ,1,
A\u0300 ,1,
 \u0434 ,1,
G\ue934 ,1,
 \xed ,1,
P\x96 ,1,
 w ,1,
 \x16\xc9,1,
"), ",1,
 \u0456 ,1,
 \u0423\x08,1,
 \u044f ,1,
!\x99 ,1,
 \u043b ,1,
\x13\u0410 ,1,
\x13\u092e ,1,
 \u0437 ,1,
 \xbb ,1,
 \xe1 ,1,
 \x81J,1,
 \u041f\x07,1,
 \u03b1 ,1,
 f ,1,
 \u044d ,1,
 \u0161 ,1,
\x17\u0915 ,1,
"', ",1,
as ,1,
** ,1,
C\uf0b7 ,1,
c\x99 ,1,
 \u0412 ,1,
 \x96B,1,
 \u0928 ,1,
M\uf0b7 ,1,
`\ue934 ,1,
 \u0417 ,1,
 \u0421 ,1,
'\uf0a7 ,1,
 \x97\xc0,1,
 \u0417\x01,1,
 \xe2 ,1,
 \u0431 ,1,
 \u1014 ,1,
 \u0440 ,1,
a\u017e ,1,
 \u0648 ,1,
 \u1038 ,1,
 \u043e ,1,
 \u0c2f ,1,
 \u09b8 ,1,
 \u0445 ,1,
(\uf0d8 ,1,
 C\x99,1,
X\uf0d8 ,1,
 \u092f ,1,
 \u0e19 ,1,
 \u2212 ,1,
 \u0926 ,1,
 \u0441 ,1,
 \u05d9 ,1,
 \u0442 ,1,
 \u2007 ,1,
 \u041c ,1,
 \u0935 ,1,
 \u09be ,1,
 \u09b0 ,1,
 L\ue934,1,
 \u09af ,1,
 \u2008 ,1,
 \u092e ,1,
 s ,1,
 \u0930 ,1,
 \u306b ,1,
';\r,1,
 \u2014 ,1,
 y ,1,
 \u2192 ,1,
 \u212a ,1,
 \u304d ,1,
 \u2116 ,1,
 \u043f ,1,
US ,1,
da ,1,
 \u0443 ,1,
 \u20ac ,1,
 \u3059 ,1,
 \u09aa ,1,
 X\uf0d8,1,
do ,1,
 \u3046 ,1,
() ,1,
== ,1,
\x0f\xee ,1,
 \u3073 ,1,
\x1b\u09b8 ,1,
\x13\xee ,1,
By ,1,
 . ,1,
 \u307f ,1,
 \u0e32 ,1,
 \u2005 ,1,
 \u0567 ,1,
 \u0936 ,1,
\x16\u044f ,1,
\x19\u0417 ,1,
 \u0b95 ,1,
 \u043d ,1,
 \u0924 ,1,
 p ,1,
 \xe9 ,1,
en ,1,
 \x07\u0421,1,
 { ,1,
d\u0259 ,1,
 \u2004 ,1,
 \u2026 ,1,
 \u2013 ,1,
\x19\u306e ,1,
 \u3081 ,1,
er ,1,
 \u3057 ,1,
""") ",1,
 \u3068 ,1,
di ,1,
 \u1004 ,1,
 \u306f ,1,
 \u203a ,1,
as\xed,1,
df ,1,
de ,1,
\x18\u092e ,1,
 \u0947 ,1,
We ,1,
 \u0c38 ,1,
 \u0915 ,1,
 \u2020 ,1,
 \u05d0 ,1,
\x10\u0431 ,1,
 \u304c ,1,
 x ,1,
 \u0587 ,1,
 \u0938 ,1,
 \u0423\x01,1,
\x1a\u0417 ,1,
 \u0454 ,1,
 \u2003 ,1,
 \u2001 ,1,
 \u1000 ,1,
&\x95 ,1,
 \x80\u041e,1,
 \u2006 ,1,
 \u2002\u2002,1,
 & ,1,
 \u202f ,1,
 \uff0d ,1,
go ,1,
el ,1,
 \u205f ,1,
 \u0645 ,1,
 \u3051 ,1,
\x18\u306a ,1,
\x19\u0947 ,1,
 \u0433 ,1,
 \u304f ,1,
 \u0633 ,1,
f\xe5r,1,
h\xe1 ,1,
 \u306e ,1,
 \xc0 ,1,
 \u2009 ,1,
 \u3044 ,1,
 } ,1,
\x12\xe0 ,1,
e\uf0a7 ,1,
\x19\xe0 ,1,
he ,1,
 \u0ba4 ,1,
\x12\xc0 ,1,
 \u3066 ,1,
f\xe5 ,1,
He ,1,
 \u062f ,1,
 \u3048 ,1,
 \x1a\u0410,1,
 \u304b ,1,
gi\xe0,1,
N\x81 ,1,
d\xe5 ,1,
il ,1,
 \u3067 ,1,
 \u200a ,1,
h\uf0b7 ,1,
 \u03b7 ,1,
 \u2022 ,1,
is ,1,
 \u092a ,1,
 \u3080 ,1,
ju\u017c,1,
it ,1,
H\uf0b7 ,1,
 \u0964 ,1,
h\xe4r,1,
 \x99F,1,
`\x94 ,1,
if ,1,
em ,1,
\x13\u308b ,1,
ji\u017e,1,
 \u2029 ,1,
j\xe1 ,1,
i\x94 ,1,
 \u306a ,1,
\x1a\u012f ,1,
im ,1,
 \u308b ,1,
k\xe9t,1,
 \u305f ,1,
 i ,1,
// ,1,
:\x94 ,1,
li ,1,
id ,1,
 \u304a ,1,
l\ue934 ,1,
la ,1,
d\xe4r,1,
in ,1,
 \u2028 ,1,
l\xe4n,1,
## ,1,
m\xe1 ,1,
m\xe9s,1,
 \u091a ,1,
es ,1,
m\xf3n,1,
ne\u017e,1,
n\xe5r,1,
 \xc8\uf0d8,1,
m\xe5 ,1,
 \u2002 ,1,
m\uf0b7 ,1,
nj\xeb,1,
m\xe1r,1,
my ,1,
m\u1ed9t,1,
n\xeb ,1,
nh\u01b0,1,
l\xe0 ,1,
om ,1,
le ,1,
jo\u0161,1,
 \u2000 ,1,
n\x81 ,1,
 \u3081\u308b,1,
 \x03\u0423,1,
pi\xf9,1,
n\xe9 ,1,
m\xeb ,1,
na ,1,
py ,1,
on ,1,
""": ",1,
o\xf9 ,1,
or ,1,
V\x81 ,1,
k\x97 ,1,
po ,1,
p\xe5 ,1,
op ,1,
n\xe0y,1,
 \u0c24 ,1,
p\u0159i,1,
pu\xf2,1,
q\xeb ,1,
n\xe4r,1,
q\uf0fc ,1,
me\xf0,1,
si ,1,
of ,1,
no ,1,
sm\xe5,1,
\x11\u0587 ,1,
s\xeb ,1,
s\u0103 ,1,
s\xe5 ,1,
.\x94 ,1,
 \u0db1 ,1,
p\x96 ,1,
 \u0c28 ,1,
od ,1,
s\xf3n,1,
si\u0119,1,
st ,1,
){\r,1,
s\xf3 ,1,
td ,1,
p\xebr,1,
me ,1,
r\xedo,1,
re ,1,
so ,1,
m\xe9g,1,
th ,1,
se ,1,
et ,1,
 \u0c15 ,1,
sv\xe9,1,
h\u1ecdc,1,
p\u0159 ,1,
io ,1,
os ,1,
og ,1,
to ,1,
 \uf0d8\u041c,1,
s\u0105 ,1,
t\xeb ,1,
um ,1,
te ,1,
up ,1,
us ,1,
v\u1edbi,1,
v\xf5i,1,
"}\x91,",1,
\x80y ,1,
\u0449\u043e ,1,
\u044d\x03 ,1,
"\xbb, ",1,
\xbb\x96 ,1,
\u044f\x0e ,1,
\x94\u3080 ,1,
\x92\u03b1 ,1,
\u0431\u0443\u0432,1,
\u044f\u043a ,1,
\xbb\x12 ,1,
\x80\ufffd ,1,
\x94. ,1,
\u0456\x10 ,1,
\x80\u0423 ,1,
\xbb\x96.,1,
\xcen ,1,
\u0456\u0437 ,1,
\xe0s ,1,
\x96B ,1,
\x81J ,1,
\u0433\x80 ,1,
\xe4n ,1,
\u0431\u044b\u043b,1,
\xe5\x11 ,1,
\u05e2\u05dc ,1,
\u0448\u0442\u043e,1,
\u0433\u043e ,1,
\xe9v ,1,
\xe9l ,1,
\xe9\xe9n,1,
\xe1n ,1,
\x97\u308b ,1,
\u0435\uf0fc ,1,
\u0433\u0430 ,1,
\x80\u0406 ,1,
\u0423\x95 ,1,
\u0434\u043e\u043a,1,
\u0645\u0646 ,1,
\u05d0\x7f ,1,
\u0107e ,1,
\u010de ,1,
\u010di ,1,
\xc8\x01 ,1,
\u0433\x06 ,1,
\u015bw ,1,
\u067e\u0647 ,1,
\u05d0\x99 ,1,
\x7f\u043a ,1,
\u091a\x07 ,1,
\xa0\u2014 ,1,
v\u1ec1 ,1,
\u043d\u0430 ,1,
\u0161\x93 ,1,
\u0438\u0445 ,1,
\x7f\u041f ,1,
\u0627\u0632 ,1,
\u0432\u044a\u0432,1,
\u043a\u043c ,1,
\u043d\x7f ,1,
\u03b7\x9d ,1,
\x94..,1,
\u012f\x15 ,1,
\u0440\x7f ,1,
\u09b0\x08 ,1,
\u03bc\u03b5 ,1,
\x95\u0412 ,1,
\u0441\u0432\u0435,1,
\u03b1\x18 ,1,
\x99\u306e ,1,
\u03c4\u03bf ,1,
\u0ba4\u0bc1 ,1,
\u0441\u0438 ,1,
\u043f\x97 ,1,
\xe9\x11 ,1,
\u0406\x1a ,1,
\u0412\x07 ,1,
\xe9n ,1,
\u0c24\x05 ,1,
\u0430\u0431\u043e,1,
\u0443\x08 ,1,
\u041e\u0442 ,1,
\u041f\x07 ,1,
\u0c24\x1a ,1,
\u0434\u0432\u0435,1,
\x99\u304f ,1,
\u010d\x1a ,1,
\u0443\x19 ,1,
\x80\u0db1 ,1,
\u041c\x81 ,1,
\x9dN ,1,
\u0422\u043e ,1,
\x81\u2212 ,1,
\u1014\x92 ,1,
\u0628\u0627 ,1,
te\u017c,1,
\u0457\u0457 ,1,
\x96: ,1,
\u043e\u0442 ,1,
\u0432\u0456\u043d,1,
\u0434\u0435\u043e,1,
"\x94, ",1,
\u05d0\u05d5 ,1,
\x96\u201d ,1,
\u0431\u0438\u043e,1,
\x97\xc0 ,1,
\xfea\xf0,1,
\u2004. ,1,
\x97\u2013 ,1,
\u043c\u0430\u0454,1,
va ,1,
\x91\u0633 ,1,
\xee\x10 ,1,
\u2003. ,1,
\u041d\u0430 ,1,
\u2022\x03 ,1,
\u2022\x07 ,1,
\u201d\x14 ,1,
\u2028. ,1,
\u2026\ue934 ,1,
\u202f. ,1,
\u2212\x13 ,1,
\u2029. ,1,
\u205f. ,1,
\u2212\uf0a7 ,1,
\u2212\x99 ,1,
\u2500\u2500 ,1,
\u3046\x14 ,1,
\u304a\x17 ,1,
\u2026\ue934.,1,
\u2212\uf0fc ,1,
\u2500\u2500\u2500,1,
\u3048\x07 ,1,
\xeen ,1,
\u0434\u0430 ,1,
\u0410\x91 ,1,
\u044f\u043a\u0456,1,
\u304a\uf0d8 ,1,
\u2588\u2588\u2588,1,
\u041f\x14 ,1,
\u3046\x93 ,1,
\u0c24\x9d ,1,
\x99\u0924 ,1,
\u0442\u043e ,1,
\xfat ,1,
\xbb\x12.,1,
\u0938\x11 ,1,
\u304b\x16 ,1,
\x93L ,1,
\x93A ,1,
\u0434\u043e ,1,
\u0438\u0437 ,1,
\u0c15\x04 ,1,
\u0421\x94 ,1,
\u0930\u0940 ,1,
\u0b8e\u0ba9 ,1,
\u0430\x91 ,1,
\u0441\u043e ,1,
\u0441\u043c ,1,
\xe5r ,1,
\x9d\u306f ,1,
"\xb2, ",1,
\u3048\u308b ,1,
\u09a8\u09be ,1,
v\xe0 ,1,
\u062f\u0631 ,1,
\u0438\u043c ,1,
\u0e19\x0e ,1,
\u0161t ,1,
\xfaj ,1,
\u0939\u0948 ,1,
\u2000. ,1,
\u0441\x94 ,1,
\x81S ,1,
\u0914\u0930 ,1,
\x93M ,1,
\u0406\x18 ,1,
\x94B ,1,
\u0437\uf0b7 ,1,
\u0412\x97 ,1,
\x93N ,1,
\u044f\x95 ,1,
\x80\xe1 ,1,
\x97\u0443 ,1,
\u0947\x99 ,1,
\u1014\x97 ,1,
\u0631\u0627 ,1,
\x9d\u03b2 ,1,
\xa0\u0433\u043e,1,
\u041e\x91 ,1,
\x92\u0587 ,1,
\u043e\u0431 ,1,
\u0440\uf0a7 ,1,
\u0418\x03 ,1,
\x97\xe0 ,1,
\u1014\x81 ,1,
\u0458\u0435 ,1,
\xe4r ,1,
\u043e\u0449\u0435,1,
\u043d\u0435 ,1,
\u043e\u043d ,1,
\u0437\x01 ,1,
\u0423\x80 ,1,
\u0421\u0428\u0410,1,
\x97\u0423 ,1,
\u043a\u0430\u043e,1,
\u0440\x96 ,1,
\u0434\u0440 ,1,
x\uf0d8 ,1,
\x99f ,1,
\x97\u0410 ,1,
\u304b\x92 ,1,
\u092a\x16 ,1,
\u2002\u2002 ,1,
v\uf0b7 ,1,
\u0930\x99 ,1,
\xbb. ,1,
\u0431\u0438 ,1,
za ,1,
\x81\u2014 ,1,
\u0565\u0576 ,1,
\u0442\u0435 ,1,
\x80o ,1,
\u0161\x16 ,1,
\u1014\x91 ,1,
\u0432\u043e ,1,
\u043c\u0443 ,1,
\x80\u3046 ,1,
un ,1,
\x99\u041e ,1,
\u05e9\u05dc ,1,
\u03b2\x04 ,1,
\x93\u0434 ,1,
\x81% ,1,
\u2009. ,1,
\u0915\u093e ,1,
\u0db1\x80 ,1,
\x99! ,1,
\u0456\x0f ,1,
\u0406\x10 ,1,
\x7f\u041a ,1,
\u043d\u043e ,1,
\u0434\u0435 ,1,
t\xe9 ,1,
\u03b1\x03 ,1,
\xb7\xb7\xb7,1,
\u0938\x94 ,1,
\u03b1\u03c0\u03cc,1,
\u0421\u043c ,1,
\u03bd\u03b1 ,1,
\x81\u305f ,1,
\u0423\x19 ,1,
\u0441\u0443 ,1,
\x95\u0432 ,1,
\u10d3\u10d0 ,1,
\x80\u043e ,1,
ve\u0107,1,
\xb0\x18 ,1,
\u0441\u0430 ,1,
\u0915\u0947 ,1,
we ,1,
\u0435\x14 ,1,
\u0645\u06cc ,1,
\u0436\u0435 ,1,
\x91W ,1,
\x93\u306e ,1,
\x94} ,1,
\x93\u0633 ,1,
\xe1t ,1,
\u2005. ,1,
\u043b\x97 ,1,
"\x94},",1,
\u0417\uf0b7 ,1,
\u0441\u044a\u0441,1,
\u0b95\x99 ,1,
\x81j ,1,
\xe9s ,1,
\u043f\u044a\u0442,1,
\u062f\x07 ,1,
\u03b7\x13 ,1,
\u0446\u0435 ,1,
\u041f\u043e ,1,
\x99\u043e ,1,
\u012f\x19 ,1,
\u2014\x10 ,1,
\u0641\u064a ,1,
\u0412\x7f ,1,
\u0219i ,1,
\u043f\u043e ,1,
\u043c\u0456\u0436,1,
\u0439\x1a ,1,
\x9d\u0c24 ,1,
\u0447\u0435 ,1,
\u0434\ue934 ,1,
\u2001. ,1,
\u0628\u0647 ,1,
\u0441\u0432 ,1,
\u200a. ,1,
\xa0\xa0 ,1,
\u05d3\u05d9 ,1,
\x95? ,1,
\u0441\u0435 ,1,
\xe8\uf0d8 ,1,
\u0406\x17 ,1,
\u0432\u0435\u043a,1,
u\u017e ,1,
\x97m ,1,
\u092f\u093e ,1,
\u2013\x04 ,1,
\u2008. ,1,
\u03c0\x12 ,1,
\x97M ,1,
\u3048\uf0b7 ,1,
\u304a\x1b ,1,
\x99\u307f ,1,
\x93a ,1,
\u0627\u0648 ,1,
\u2007. ,1,
\x96..,1,
\u0915\u0940 ,1,
\xc9\x11 ,1,
\u041e\x18 ,1,
\u0437\u0430 ,1,
\u0bb1\u0bc1 ,1,
\x93\u304f ,1,
\u043e\u0434 ,1,
\u304d\x15 ,1,
\u0435\u0451 ,1,
}\x91 ,1,
\u0111\u1ec3 ,1,
\u2014\u2014\u2014,1,
\x91\u0c2f ,1,
\xbb) ,1,
\x97\u0430 ,1,
\x95\u043d ,1,
\x94\u304d ,1,
\u03b3\u03b9\u03b1,1,
\x96. ,1,
\u041a\x1a ,1,
\u306b\x12 ,1,
"\x91, ",1,
\xa0. ,1,
\u0432\x7f ,1,
\xfev\xed,1,
tv\xe5,1,
\xc0\x92 ,1,
\u03b2\x9d ,1,
\u3051\x03 ,1,
\u1004\x80 ,1,
\u0938\x15 ,1,
\x94b ,1,
\u043a\u044a\u043c,1,
\u3063\u3066 ,1,
\xb2. ,1,
\x96b ,1,
\u3067\u306f ,1,
\u0443\x01 ,1,
\u0161e ,1,
\u304b\u3089 ,1,
\u2002. ,1,
\x80\u0456 ,1,
\u3055\u308c ,1,
\u0432\x07 ,1,
\u0417\x01 ,1,
\xc8\uf0d8 ,1,
\x95s ,1,
\u0442\u0430 ,1,
\u0432\x97 ,1,
\u305d\u306e ,1,
\u0938\u0947 ,1,
\u0414\u043e ,1,
\xedgy,1,
\u3068\uf0b7 ,1,
\x80\u041e ,1,
\u0c15\x0f ,1,
\x92\u0924 ,1,
\x81> ,1,
\u09af\x05 ,1,
\u044f\x03 ,1,
\xed\x08 ,1,
\x81\xb0 ,1,
\u05d0\u05ea ,1,
\u3057\u305f ,1,
\u017ee ,1,
s\u1ed1 ,1,
\u1000\x06 ,1,
\u0423\x01 ,1,
\u306f\x10 ,1,
\u2006. ,1,
\u0423\x08 ,1,
\xc5r ,1,
\u0645\x92 ,1,
\x95% ,1,
\u043f\u0456\u0434,1,
\u0925\u093e ,1,
\xc8\x94 ,1,
\x9d\u0445 ,1,
\u092e\ue934 ,1,
\u017ce ,1,
\u043f\u0430 ,1,
\x80O ,1,
v\u0259 ,1,
\u0406\x0f ,1,
\u0648\x06 ,1,
\u0406\x08 ,1,
\u043f\x07 ,1,
\u041f\x97 ,1,
\xc9s ,1,
\u0644\u0647 ,1,
\u09be\x17 ,1,
\u0433\u0434\u0435,1,
\u3068\u306e ,1,
\x96\u1004 ,1,
\x95S ,1,
\x99F ,1,
\u0915\u094b ,1,
\u3081\u308b ,1,
\x97\xb0 ,1,
\u0417\u0430 ,1,
\u308b\x05 ,1,
\u306a\u3069 ,1,
\u3066\x14 ,1,
\ue934. ,1,
\u308a\x0f ,1,
\ue934\xfb ,1,
\xa0% ,1,
\x81s ,1,
\u06a9\u0647 ,1,
\u306b\u306f ,1,
\u3067\u3059 ,1,
\ue934..,1,
\u3063\u305f ,1,
\x01\uff1b,1,
\uf0b7G ,1,
\uf0b7\xe2 ,1,
\uf0a7\u0456 ,1,
\ue934\u3044 ,1,
\uf0b7\u0645 ,1,
\uf0d8\u3046 ,1,
\u306b\u3088\u308b,1,
\uf0fcK ,1,
\uf0fc\u1000 ,1,
\u3088\u308a ,1,
\x04\u3001,1,
\uf0d8\u043c ,1,
\uf0d8\u1014 ,1,
\x80\uff1b,1,
\x1b\uff0c,1,
"\x80,",1,
\x81\u3002,1,
\x80\uff0c,1,
\x01\u3002,1,
\uf0a7F ,1,
\u3078\u306e ,1,
\x1b\u3001,1,
\uf0a7\u0406 ,1,
\x05\uff1a,1,
% ,1,
\x81\u3001,1,
\x06\u3001,1,
\x01.,1,
\x05\u3001,1,
\x04\uff1b,1,
\x01\uff0c,1,
\x81\uff0c,1,
"\x07,",1,
\uf0d8\u0587 ,1,
) ,1,
\x91\uff1a,1,
\x92\uff1b,1,
\uf0fc\u041e ,1,
< ,1,
? ,1,
\x81.,1,
\uf0fc\u043e ,1,
\x07\uff0c,1,
D ,1,
\x91\uff1b,1,
\uf0a7? ,1,
"\x08,",1,
"\x01,",1,
)\r,1,
\ufffd\x19 ,1,
N ,1,
\x0e\uff1b,1,
\x92\u3002,1,
\uf0a7\u044d ,1,
:\r,1,
E ,1,
\uf0b7\u0c38 ,1,
"\x1b,",1,
R ,1,
\x94\uff1b,1,
\x08\uff1a,1,
\x92\uff1a,1,
"\x93,",1,
\x08\uff1b,1,
\x06\uff1a,1,
a\u017e,1,
\x96.,1,
\x96\u3002,1,
c ,1,
( ,1,
\u306b\u3088\u308a,1,
f ,1,
"\x0f,",1,
g ,1,
e ,1,
\x95\uff1a,1,
\uf0d8\u041c ,1,
n\xeb,1,
\x11\uff1a,1,
m ,1,
\x07\u3002,1,
\u3059\u308b ,1,
""" ",1,
\x1a\uff1b,1,
C ,1,
\x99.,1,
q\xeb,1,
\x0f\uff1b,1,
\x80\u3001,1,
\x9d\uff0c,1,
s\u1ed1,1,
\uf0fc\u012f ,1,
\xa0 ,1,
\x95\uff0c,1,
u ,1,
\x7f\uff1b,1,
\xa0\u0410,1,
w ,1,
y ,1,
\x96\uff1b,1,
\x04\u3002,1,
\x9d\u3001,1,
"\x91,",1,
> ,1,
\x95.,1,
\x16\u3001,1,
\x03\uff0c,1,
\uf0b7\xe5 ,1,
\x12\u3001,1,
\x10\uff1a,1,
\xb2.,1,
\x1b.,1,
\xae ,1,
\uf0d8\u3044 ,1,
\x93\u3001,1,
\x0e.,1,
\x05\u3002,1,
n ,1,
\x0f\uff1a,1,
\t\r,1,
.\xa0,1,
\x99\u3001,1,
\x10.,1,
- ,1,
s\xeb,1,
\x17\u3002,1,
K ,1,
\x0f\uff0c,1,
\xe5 ,1,
\ufffd\x94 ,1,
\x7f\u3001,1,
\x14\u3001,1,
"\x18,",1,
\x13.,1,
\u010d ,1,
\xfb ,1,
\u0111\u1ec3,1,
\xfaj,1,
\u012f ,1,
\u015bw,1,
\u0161 ,1,
\u03b1 ,1,
\u03b7 ,1,
\u03b2 ,1,
\u03c0 ,1,
\u0406 ,1,
\xb0 ,1,
. ,1,
\u0410 ,1,
\x05\uff1b,1,
\u0387 ,1,
\xc8 ,1,
\x94.,1,
\u037e ,1,
\x1b\uff1a,1,
: ,1,
\u305f\x80 ,1,
\x97\uff1b,1,
\x13\uff1b,1,
\x05.,1,
\x99\u3002,1,
h ,1,
t\xeb,1,
\x0f.,1,
\x08\u3001,1,
s\u0105,1,
\x11.,1,
\xa0\u2014,1,
\x1a\uff0c,1,
v\xe0,1,
d\xe5,1,
\x17.,1,
s ,1,
"\x9d,",1,
"\x11,",1,
\x19\uff1b,1,
\u0412 ,1,
r ,1,
\ufffd\x80 ,1,
\x94\u3002,1,
\xa0\u0418,1,
\x96\uff0c,1,
* ,1,
"\x06,",1,
; ,1,
]\xa0,1,
\x17\uff0c,1,
\x91\u3002,1,
\x94\uff0c,1,
\x12\uff1a,1,
\x92.,1,
I ,1,
\x04\uff0c,1,
\x95\u3001,1,
\x96\u3001,1,
q ,1,
\x12.,1,
\xa0\u0412,1,
\x05\uff0c,1,
t ,1,
i ,1,
\x11\uff0c,1,
"\x97,",1,
\x06\u3002,1,
\x06\uff1b,1,
s\u0103,1,
\x03\u3001,1,
\x91\u3001,1,
"\x92,",1,
\x0e\u3001,1,
\x19\uff1a,1,
 \u1004,1,
"\x04,",1,
\ue934\xe9 ,1,
\uf0a7\u043a ,1,
\u307e\u305f ,1,
\x08\u3002,1,
F ,1,
\x14.,1,
\x03\uff1a,1,
\x10\uff0c,1,
\x12\uff1b,1,
\x14\uff0c,1,
\x92\uff0c,1,
\x91.,1,
\x0e\u3002,1,
\x08.,1,
f\xe5,1,
\x04\uff1a,1,
k ,1,
\x9d.,1,
\xa0\u041c,1,
p\u0159,1,
\x07\uff1b,1,
\x08\uff0c,1,
\x11\u3001,1,
\x99\uff1a,1,
\x97.,1,
"\x05,",1,
\x10\uff1b,1,
A ,1,
\uf0d8O ,1,
\x15.,1,
\x12\uff0c,1,
"\x16,",1,
\x18\uff1b,1,
\x18\uff0c,1,
\x9d\u3002,1,
\x97\u3001,1,
\x93\uff0c,1,
\x19\u3002,1,
P ,1,
\x93\u3002,1,
\x15\uff1a,1,
\x17\u3001,1,
! ,1,
d ,1,
\x04.,1,
\u3053\u306e ,1,
\x07\uff1a,1,
\x7f.,1,
\uf0b7< ,1,
"\x03,",1,
p ,1,
\xb7 ,1,
\x9d\uff1a,1,
A\u0300,1,
\x7f\u3002,1,
a\u0300,1,
"\x81,",1,
\xe9 ,1,
l ,1,
>\r,1,
\x16\uff1a,1,
\x16\uff1b,1,
\x93.,1,
\x81\uff1a,1,
\xab ,1,
\x16\u3002,1,
\xd7 ,1,
\x19\uff0c,1,
\x15\u3001,1,
\x0f\u3001,1,
\u041a ,1,
' ,1,
\x94\uff1a,1,
\x7f\uff0c,1,
\x99\uff0c,1,
\xc9 ,1,
\xa9 ,1,
\x80\u3002,1,
\u306b\x0e ,1,
\x1a\uff1a,1,
]\r,1,
\x95\u3002,1,
"\x1a,",1,
\xa0\u041e,1,
\xed ,1,
"\x99,",1,
\x94\u3001,1,
"\x95,",1,
"\x12,",1,
\x10\u3001,1,
\u0417 ,1,
T ,1,
\uf0a7\u041a ,1,
\uf0a7\u304d ,1,
\u3057\u3066 ,1,
\x95\uff1b,1,
\xee ,1,
\u0418 ,1,
 \u1038,1,
\x0e\uff1a,1,
| ,1,
\xa0%,1,
\uf0b7g ,1,
S ,1,
\xb2 ,1,
} ,1,
\uf0fc< ,1,
\x19\u3001,1,
a ,1,
\x01\uff1a,1,
\x80\uff1a,1,
\xa0\u0421,1,
\xbb ,1,
\x81\uff1b,1,
\xa0\u041f,1,
\x14\uff1a,1,
\u0421 ,1,
)\xa0,1,
\x19.,1,
\u308a\x18 ,1,
\x16\uff0c,1,
\x15\u3002,1,
\x91\uff0c,1,
\uf0d8\u3067 ,1,
o ,1,
"\x17,",1,
"\x0e,",1,
\x1a\u3001,1,
\x11\u3002,1,
\ue934\xc9 ,1,
\x10\u3002,1,
\xe8 ,1,
"\uf0a7, ",1,
\uf0fck ,1,
\x1b\uff1b,1,
"\x14,",1,
\x03\uff1b,1,
\ufffd\ue934 ,1,
\uf0d8\u0412 ,1,
\x18\uff1a,1,
v ,1,
;\r,1,
\x97\u3002,1,
"\x15,",1,
\x06.,1,
\x13\uff0c,1,
\x18\u3002,1,
\uf0a7\u0431 ,1,
\x7f\uff1a,1,
\x0f\u3002,1,
\x07.,1,
\u0435 ,1,
"\x96,",1,
\x01\u3001,1,
\xa0\u041a,1,
L ,1,
 \u0f0d,1,
` ,1,
\u041c ,1,
"\x13,",1,
\x07\u3001,1,
\x03.,1,
\x93\uff1a,1,
v\u1ec1,1,
"\x19,",1,
\x06\uff0c,1,
 \u09be,1,
\x14\uff1b,1,
\x9d\uff1b,1,
\x0e\uff0c,1,
\u0439 ,1,
\xe0 ,1,
\x12\u3002,1,
\x18\u3001,1,
\xa0.,1,
& ,1,
\x93\uff1b,1,
\xc0 ,1,
\x17\uff1b,1,
{\r,1,
x ,1,
\x14\u3002,1,
\uf0fc\u0db1 ,1,
\x03\u3002,1,
\x13\uff1a,1,
\u0439\xa0,1,
\uf0fc\u09b8 ,1,
\x1b\u3002,1,
\x17\uff1a,1,
\x97\uff0c,1,
\u0432 ,1,
\u0430\xa0,1,
\xe2 ,1,
z ,1,
b ,1,
\x15\uff1b,1,
\u043e ,1,
\x97\uff1a,1,
\x18.,1,
\xb1 ,1,
\u0430 ,1,
\x96\uff1a,1,
\x13\u3002,1,
\x16.,1,
"\x10,",1,
\x92\u3001,1,
\uf0a7\u1004 ,1,
\x13\u3001,1,
\x11\uff1b,1,
] ,1,
\x99\uff1b,1,
",\r",1,
\u041e ,1,
\xa0\u0433,1,
\xe1 ,1,
\x80.,1,
\xba ,1,
M ,1,
\x1a.,1,
\x15\uff0c,1,
\u0433 ,1,
\u0924 ,1,
\x1a\u3002,1,
"\x7f,",1,
\u044d ,1,
\u043d ,1,
\u043f ,1,
\u0567 ,1,
\u0443 ,1,
\u092e ,1,
\u05d9 ,1,
\u091a ,1,
\u044f ,1,
\u043c ,1,
\u0437 ,1,
\u0431 ,1,
\u0434 ,1,
\u0947 ,1,
\u0966 ,1,
\u2003 ,1,
\u1000 ,1,
\u0454 ,1,
\u0964 ,1,
\u2003.,1,
\uf0d8\u3001,1,
\u0423 ,1,
\u043b ,1,
\u0f0d ,1,
\u2000.,1,
\uf0b7\uff1b,1,
\u060c ,1,
\u0648 ,1,
\uf0d8.,1,
\uf0fc\uff1b,1,
\uf0b7\uff1a,1,
\u2009 ,1,
\u0c28 ,1,
\u043a ,1,
\u0457\u0457,1,
\u2008.,1,
\u1014 ,1,
\u2005 ,1,
\uf0fc\uff1a,1,
\u2008 ,1,
\u0f0d,1,
\u062f ,1,
\u0ec8,1,
\u0e32 ,1,
\u202f ,1,
\u1004 ,1,
\uf934,1,
\u205f.,1,
\u0db1 ,1,
\u2014 ,1,
\u041f ,1,
\u0438\xa0,1,
\u2006.,1,
\uf9b2,1,
\uf909,1,
\u043a\u043c,1,
\u3048 ,1,
\uf938,1,
\u304c ,1,
\u304d ,1,
\u0456 ,1,
\u0c38 ,1,
\uf9df,1,
\uf9dd,1,
\uf97c,1,
\u304a ,1,
\uff0e ,1,
\uff0c ,1,
\u3068 ,1,
\u2190 ,1,
\u3046 ,1,
\u0b95 ,1,
\u09b0 ,1,
\u09af ,1,
\ufa08,1,
\u307f ,1,
\u0441\u0432,1,
\u3084 ,1,
\u0c15 ,1,
\uf9f4,1,
\u3092 ,1,
\uf9b4,1,
\u306b ,1,
\u0930 ,1,
\u2004.,1,
\uf0a7\u3002,1,
\uf0a7\uff1a,1,
\u2461 ,1,
\u0d4d ,1,
\u308b ,1,
\u0e19 ,1,
\u09be ,1,
\u0915 ,1,
\uf0fc.,1,
\u304b ,1,
\uf98e,1,
\uf0a7.,1,
\u092f ,1,
\u3057 ,1,
\u2015 ,1,
\u2212 ,1,
\u2004 ,1,
\u09bc ,1,
\uf0d8\uff1a,1,
\u3044 ,1,
\uf9c1,1,
\uf905,1,
\uf9d1,1,
\u0939\u0948,1,
\u25ba ,1,
\u2002 ,1,
\uf9e9,1,
\u3066 ,1,
\uf0fc\u3002,1,
\uf0b7.,1,
\uf0fc\u3001,1,
\uf92d,1,
\u2460 ,1,
\u202f.,1,
\uf0a7\uff0c,1,
\ue934\uff1b,1,
\u0c2f ,1,
\u2005.,1,
\u2029.,1,
\u1362 ,1,
\uf9d8,1,
\u0438 ,1,
\u0441 ,1,
\uf941,1,
\u3051 ,1,
\ufa5b,1,
\u0938 ,1,
\uf0b7\uff0c,1,
\u2002.,1,
\uff1b ,1,
\u306f ,1,
\uf0d8\uff1b,1,
\u0928 ,1,
\u0b8e\u0ba9,1,
\uf981,1,
\u203a ,1,
"\uf0fc,",1,
\u2022 ,1,
\u2001.,1,
\uf90a,1,
\ue934\uff0c,1,
\u0440 ,1,
"\uf0a7,",1,
\u304f ,1,
\ue934\u3001,1,
\u2028 ,1,
\uf98a,1,
\u3080 ,1,
\uf9ba,1,
\u103a ,1,
\uf97e,1,
"\uf0d8,",1,
\u2007.,1,
\ue934\uff1a,1,
\u2013 ,1,
\u305f ,1,
\u308a ,1,
\u2000 ,1,
\uf937,1,
\u2001 ,1,
\u0645 ,1,
\uff1a ,1,
\u3067 ,1,
\u2028.,1,
\u200a.,1,
\uf9ea,1,
\u0c24 ,1,
\ue934.,1,
\u200a ,1,
\uf0b7\u3001,1,
\u05d0 ,1,
\u0435\u0451,1,
\ufa26,1,
\uf0d8\u3002,1,
\ufffd ,1,
\u044f\xa0,1,
\u3073 ,1,
\u3082 ,1,
"\uf0b7,",1,
\u2026 ,1,
\u0ba4 ,1,
\uf0fc\uff0c,1,
\u2029 ,1,
\u0936 ,1,
\u1038 ,1,
\u212a ,1,
\ue934\u3002,1,
\u09aa ,1,
\u3081\u308b,1,
\ufa19,1,
\u2020 ,1,
\u0633 ,1,
\u09b8 ,1,
\u2007 ,1,
\u201d ,1,
\uf0a7\u3001,1,
\uf99a,1,
\u094d ,1,
\u0935 ,1,
\u2006 ,1,
\u306e ,1,
\ufa00,1,
\u2009.,1,
\u0ec9,1,
\u306a ,1,
\u0445 ,1,
\u0926 ,1,
\u0442 ,1,
\u205f ,1,
\u0dca ,1,
\uf0a7\uff1b,1,
"\ue934,",1,
\u0bcd ,1,
\u3059 ,1,
\u25cf ,1,
\uf9be,1,
\u3081 ,1,
\u092a ,1,
\uf965,1,
\uf0d8\uff0c,1,
\u0587 ,1,
\uf94f,1,
\uff09 ,1,
\ufa55,1,
\uf0b7\u3002,1,
               \r,1,
K\xf8benhavn,1,
\t\t\t\t\t\t\t\r,1,
 START ,1,
       \r,1,
        \r,1,
      \r,1,
\t\t\t\t\t\r,1,
\u0432\u0435\u043a\u0430\xa0,1,
\u043d\u0430\u0441\u0435\u043b\u0435\u043d\u0438\u0435,1,
           \r,1,
nh\u01b0\u0303ng,1,
 END ,1,
\t\t\t\t\t\t\r,1,
******\r,1,
 \u0438\u043c\u043f\u0435\u0440\u0430\u0442\u043e\u0440,1,
el\u0151sz\xf6r,1,
------\r,1,
 \xa0 \xa0 \xa0 ,1,
\t\t\t\r,1,
 \u0432\u043e\u0439\u043d\u0430 ,1,
\xa0\u0433\u043e\u0434 ,1,
 poblaci\xf3,1,
();\r\r,1,
 j\u0119zyk,1,
 En ,1,
\xa0\u0433\u043e\u0434\xa0,1,
\u043e\u0431\u0449\u0438\u043d\u0430,1,
\t\t\t\t\r,1,
 });\r,1,
 pa\u017adziernika,1,
\xa0 \xa0 \xa0 ,1,
****\r,1,
International ,1,
 );\r,1,
\xe8poca,1,
         \r,1,
\t\t\t\t\t\t\t\t\r,1,
 An ,1,
   \r,1,
\xa0\u0433\u043e\u0434\u0430\xa0,1,
 \u0441\u0435\u043b\u0430,1,
----\r,1,
\u0420\u043e\u0441\u0441\u0438\u0438\xa0,1,
\u043a\u043e\u0440\u043e\u043b\u044c,1,
csal\xe1d,1,
st\xe1t\u016f,1,
     \r,1,
\u010desk\xe9,1,
kr\xe1lovstv\xed,1,
\u0413\u0435\u043e\u0433\u0440\u0430\u0444\u0438\u044f,1,
    \r,1,
 na\u0300y,1,
 \xa0\xa0\xa0\xa0\xa0\xa0,1,
\n\r\n\r\n,1,
\xa0\u0433\u043e\u0434\u0443\xa0,1,
\u0433\u0440\u0430\u0434\u0430,1,
 \u0430\u043f\u0440\u0438\u043b,1,
 */\r,1,
());\r,1,
 nh\u01b0\u0303ng,1,
 La ,1,
 \u0438\u043c\u0435\u0442\u043e,1,
 To ,1,
j\u0119zyk,1,
 di ,1,
 })\r,1,
 st ,1,
 \u0446\u0435\u043d\u0442\u044a\u0440,1,
 US ,1,
');\r,1,
 []\r,1,
 #\r,1,
z\xe1\u0159\xed,1,
...\r,1,
 md ,1,
 op ,1,
\t\t\r,1,
();\r,1,
 L ,1,
 {\r,1,
f\xf6dd,1,
""",\r",1,
 se ,1,
\xa0met,1,
 im ,1,
"""""\r",1,
""">\r",1,
##\u2007,1,
##\ue000,1,
##\xa0,1,
 |\r,1,
"',\r\r",1,
" ""\r",1,
##\ue00a,1,
ca\u0301c,1,
---\r,1,
##\ue01e,1,
 )\r,1,
 en ,1,
##\ue004,1,
 _\r,1,
III ,1,
##\ue023,1,
 re ,1,
 C ,1,
##\ue062,1,
 je ,1,
##\ue00b,1,
\u0442\u043e\u043a\u0443,1,
##\ue001,1,
##\ue002,1,
 My ,1,
##\ue0bc,1,
##\ue083,1,
##\ue00d,1,
 M ,1,
##\ue0c7,1,
##\ue1ee,1,
 O ,1,
***\r,1,
##\ue315,1,
##\ue009,1,
##\ue144,1,
##\ue4b8,1,
##\ue5e5,1,
 +\r,1,
##\uf067,1,
##\uf034,1,
##\ue6e6,1,
##\ue63c,1,
##\ue975,1,
##\uf0ae,1,
##\uf0df,1,
##\ue718,1,
##\ue71a,1,
##\uf065,1,
##\uf070,1,
##\uf02c,1,
##\uf0fe,1,
##\uf05f,1,
##\uf056,1,
##\uf0f7,1,
##\uf0f0,1,
##\uf309,1,
##\uf032,1,
##\uf8f4,1,
##\uf0da,1,
""")\r",1,
##\uf0ce,1,
##\uf0f1,1,
##\ue606,1,
))\r,1,
##\uf04a,1,
"),\r",1,
##\uf702,1,
##\uf124,1,
##\ue600,1,
')\r,1,
##\uf101,1,
"',\r",1,
); ,1,
##\ue820,1,
##\uf30c,1,
##\uf0a2,1,
': ,1,
##\uf731,1,
##\uf0be,1,
()\r,1,
##\uf0c4,1,
**\r,1,
##\uf07e,1,
##\uf06b,1,
->\r,1,
//\r,1,
".""\r",1,
##\uf0ca,1,
).\xa0,1,
':\r,1,
##\uf082,1,
({\r,1,
En ,1,
##\uf0f3,1,
--\r,1,
La ,1,
##\uf040,1,
II ,1,
av ,1,
du ,1,
db ,1,
__\r,1,
je ,1,
"],\r",1,
\xa0%\xa0,1,
An ,1,
np ,1,
\xa0\u041f\u043e,1,
\xe2\x80\x99,1,
\xa0\u0414\u043e,1,
\n\r,1,
};\r,1,
No ,1,
su ,1,
af ,1,
"},\r",1,
(\r,1,
#\r,1,
*\r,1,
'\xa0,1,
.\r,1,
B ,1,
na\xa0,1,
#\xa0,1,
'\r,1,
!\r,1,
"""\r",1,
U ,1,
/\r,1,
\u043d\u0430\xa0,1,
G ,1,
J ,1,
-\r,1,
X ,1,
\u0432\xa0,1,
H ,1,
\xa0\u0417,1,
}\xa0,1,
;\xa0,1,
\xa0a,1,
\u043c\xa0,1,
\xd7\xd7,1,
\xa0$,1,
\u0445\xa0,1,
\u0567\xa0,1,
}\r,1,
\u043d\xa0,1,
O ,1,
",\xa0",1,
_\r,1,
\xa0\u0434,1,
|\r,1,
\u0435\xa0,1,
\u0442\xa0,1,
\uf963,1,
\u3002\r,1,
\uf9db,1,
\uf9fd,1,
\uf9e1,1,
\u0966\u0966,1,
\ufa09,1,
\uf996,1,
\u203a\u203a,1,
\u0433\xa0,1,
\uf99c,1,
\ufa56,1,
js ,1,
\ufa5f,1,
\uf96d,1,
\xa0:,1,
\uf974,1,
##\uf8e7,1,
